,loss,accuracy,context_size,lr,batch_size,epochs,patience,min_delta,gamma,step_size,dropout,time_total_s,val_loss_list,train_loss_list
0,3.0,0.22058823529411764,2,0.009159544393144516,512,200,10,0.0006816366988585599,0.9,5,0,1.446718454360962,"[3.253305196762085, 3.1895291805267334, 3.134925603866577, 3.090576171875, 3.055227518081665, 3.0305848121643066, 3.0138025283813477, 3.0026097297668457, 2.9976420402526855, 2.998281717300415, 3.0031039714813232, 3.0111441612243652, 3.021512269973755, 3.032810688018799, 3.0452022552490234, 3.0573794841766357, 3.0704667568206787, 3.0842254161834717, 3.097844362258911]","[3.4180386066436768, 3.183279275894165, 3.013032913208008, 2.887155294418335, 2.713855028152466, 2.5793769359588623, 2.493637800216675, 2.416146755218506, 2.2512216567993164, 2.1906540393829346, 2.0902650356292725, 2.0557026863098145, 2.008237838745117, 1.990384817123413, 1.9173825979232788, 1.9483792781829834, 1.8286824226379395, 1.8264693021774292, 1.741612434387207]"
72,3.0,0.22058823529411764,2,0.009159544393144516,512,200,10,0.0006816366988585599,0.9,5,0,1.4509010314941406,"[3.253305196762085, 3.1895291805267334, 3.134925603866577, 3.090576171875, 3.055227518081665, 3.0305848121643066, 3.0138025283813477, 3.0026097297668457, 2.9976420402526855, 2.998281717300415, 3.0031039714813232, 3.0111441612243652, 3.021512269973755, 3.032810688018799, 3.0452022552490234, 3.0573794841766357, 3.0704667568206787, 3.0842254161834717, 3.097844362258911]","[3.4180386066436768, 3.183279275894165, 3.013032913208008, 2.887155294418335, 2.713855028152466, 2.5793769359588623, 2.493637800216675, 2.416146755218506, 2.2512216567993164, 2.1906540393829346, 2.0902650356292725, 2.0557026863098145, 2.008237838745117, 1.990384817123413, 1.9173825979232788, 1.9483792781829834, 1.8286824226379395, 1.8264693021774292, 1.741612434387207]"
71,3.0,0.22058823529411764,2,0.009159544393144516,512,200,10,0.0006816366988585599,0.9,5,0,1.6014609336853027,"[3.253305196762085, 3.1895291805267334, 3.134925603866577, 3.090576171875, 3.055227518081665, 3.0305848121643066, 3.0138025283813477, 3.0026097297668457, 2.9976420402526855, 2.998281717300415, 3.0031039714813232, 3.0111441612243652, 3.021512269973755, 3.032810688018799, 3.0452022552490234, 3.0573794841766357, 3.0704667568206787, 3.0842254161834717, 3.097844362258911]","[3.4180386066436768, 3.183279275894165, 3.013032913208008, 2.887155294418335, 2.713855028152466, 2.5793769359588623, 2.493637800216675, 2.416146755218506, 2.2512216567993164, 2.1906540393829346, 2.0902650356292725, 2.0557026863098145, 2.008237838745117, 1.990384817123413, 1.9173825979232788, 1.9483792781829834, 1.8286824226379395, 1.8264693021774292, 1.741612434387207]"
70,3.0,0.22058823529411764,2,0.009159544393144516,512,200,10,0.0006816366988585599,0.9,5,0,2.0680785179138184,"[3.253305196762085, 3.1895291805267334, 3.134925603866577, 3.090576171875, 3.055227518081665, 3.0305848121643066, 3.0138025283813477, 3.0026097297668457, 2.9976420402526855, 2.998281717300415, 3.0031039714813232, 3.0111441612243652, 3.021512269973755, 3.032810688018799, 3.0452022552490234, 3.0573794841766357, 3.0704667568206787, 3.0842254161834717, 3.097844362258911]","[3.4180386066436768, 3.183279275894165, 3.013032913208008, 2.887155294418335, 2.713855028152466, 2.5793769359588623, 2.493637800216675, 2.416146755218506, 2.2512216567993164, 2.1906540393829346, 2.0902650356292725, 2.0557026863098145, 2.008237838745117, 1.990384817123413, 1.9173825979232788, 1.9483792781829834, 1.8286824226379395, 1.8264693021774292, 1.741612434387207]"
69,3.0,0.22058823529411764,2,0.009159544393144516,512,200,10,0.0006816366988585599,0.9,5,0,1.4607510566711426,"[3.253305196762085, 3.1895291805267334, 3.134925603866577, 3.090576171875, 3.055227518081665, 3.0305848121643066, 3.0138025283813477, 3.0026097297668457, 2.9976420402526855, 2.998281717300415, 3.0031039714813232, 3.0111441612243652, 3.021512269973755, 3.032810688018799, 3.0452022552490234, 3.0573794841766357, 3.0704667568206787, 3.0842254161834717, 3.097844362258911]","[3.4180386066436768, 3.183279275894165, 3.013032913208008, 2.887155294418335, 2.713855028152466, 2.5793769359588623, 2.493637800216675, 2.416146755218506, 2.2512216567993164, 2.1906540393829346, 2.0902650356292725, 2.0557026863098145, 2.008237838745117, 1.990384817123413, 1.9173825979232788, 1.9483792781829834, 1.8286824226379395, 1.8264693021774292, 1.741612434387207]"
68,3.0,0.22058823529411764,2,0.009159544393144516,512,200,10,0.0006816366988585599,0.9,5,0,1.4960823059082031,"[3.253305196762085, 3.1895291805267334, 3.134925603866577, 3.090576171875, 3.055227518081665, 3.0305848121643066, 3.0138025283813477, 3.0026097297668457, 2.9976420402526855, 2.998281717300415, 3.0031039714813232, 3.0111441612243652, 3.021512269973755, 3.032810688018799, 3.0452022552490234, 3.0573794841766357, 3.0704667568206787, 3.0842254161834717, 3.097844362258911]","[3.4180386066436768, 3.183279275894165, 3.013032913208008, 2.887155294418335, 2.713855028152466, 2.5793769359588623, 2.493637800216675, 2.416146755218506, 2.2512216567993164, 2.1906540393829346, 2.0902650356292725, 2.0557026863098145, 2.008237838745117, 1.990384817123413, 1.9173825979232788, 1.9483792781829834, 1.8286824226379395, 1.8264693021774292, 1.741612434387207]"
67,3.0,0.22058823529411764,2,0.009159544393144516,512,200,10,0.0006816366988585599,0.9,5,0,2.001784563064575,"[3.253305196762085, 3.1895291805267334, 3.134925603866577, 3.090576171875, 3.055227518081665, 3.0305848121643066, 3.0138025283813477, 3.0026097297668457, 2.9976420402526855, 2.998281717300415, 3.0031039714813232, 3.0111441612243652, 3.021512269973755, 3.032810688018799, 3.0452022552490234, 3.0573794841766357, 3.0704667568206787, 3.0842254161834717, 3.097844362258911]","[3.4180386066436768, 3.183279275894165, 3.013032913208008, 2.887155294418335, 2.713855028152466, 2.5793769359588623, 2.493637800216675, 2.416146755218506, 2.2512216567993164, 2.1906540393829346, 2.0902650356292725, 2.0557026863098145, 2.008237838745117, 1.990384817123413, 1.9173825979232788, 1.9483792781829834, 1.8286824226379395, 1.8264693021774292, 1.741612434387207]"
66,3.0,0.22058823529411764,2,0.009159544393144516,512,200,10,0.0006816366988585599,0.9,5,0,2.0749945640563965,"[3.253305196762085, 3.1895291805267334, 3.134925603866577, 3.090576171875, 3.055227518081665, 3.0305848121643066, 3.0138025283813477, 3.0026097297668457, 2.9976420402526855, 2.998281717300415, 3.0031039714813232, 3.0111441612243652, 3.021512269973755, 3.032810688018799, 3.0452022552490234, 3.0573794841766357, 3.0704667568206787, 3.0842254161834717, 3.097844362258911]","[3.4180386066436768, 3.183279275894165, 3.013032913208008, 2.887155294418335, 2.713855028152466, 2.5793769359588623, 2.493637800216675, 2.416146755218506, 2.2512216567993164, 2.1906540393829346, 2.0902650356292725, 2.0557026863098145, 2.008237838745117, 1.990384817123413, 1.9173825979232788, 1.9483792781829834, 1.8286824226379395, 1.8264693021774292, 1.741612434387207]"
65,3.0,0.22058823529411764,2,0.009159544393144516,512,200,10,0.0006816366988585599,0.9,5,0,1.9502506256103516,"[3.253305196762085, 3.1895291805267334, 3.134925603866577, 3.090576171875, 3.055227518081665, 3.0305848121643066, 3.0138025283813477, 3.0026097297668457, 2.9976420402526855, 2.998281717300415, 3.0031039714813232, 3.0111441612243652, 3.021512269973755, 3.032810688018799, 3.0452022552490234, 3.0573794841766357, 3.0704667568206787, 3.0842254161834717, 3.097844362258911]","[3.4180386066436768, 3.183279275894165, 3.013032913208008, 2.887155294418335, 2.713855028152466, 2.5793769359588623, 2.493637800216675, 2.416146755218506, 2.2512216567993164, 2.1906540393829346, 2.0902650356292725, 2.0557026863098145, 2.008237838745117, 1.990384817123413, 1.9173825979232788, 1.9483792781829834, 1.8286824226379395, 1.8264693021774292, 1.741612434387207]"
64,3.0,0.22058823529411764,2,0.009159544393144516,512,200,10,0.0006816366988585599,0.9,5,0,1.711331844329834,"[3.253305196762085, 3.1895291805267334, 3.134925603866577, 3.090576171875, 3.055227518081665, 3.0305848121643066, 3.0138025283813477, 3.0026097297668457, 2.9976420402526855, 2.998281717300415, 3.0031039714813232, 3.0111441612243652, 3.021512269973755, 3.032810688018799, 3.0452022552490234, 3.0573794841766357, 3.0704667568206787, 3.0842254161834717, 3.097844362258911]","[3.4180386066436768, 3.183279275894165, 3.013032913208008, 2.887155294418335, 2.713855028152466, 2.5793769359588623, 2.493637800216675, 2.416146755218506, 2.2512216567993164, 2.1906540393829346, 2.0902650356292725, 2.0557026863098145, 2.008237838745117, 1.990384817123413, 1.9173825979232788, 1.9483792781829834, 1.8286824226379395, 1.8264693021774292, 1.741612434387207]"
63,3.0,0.22058823529411764,2,0.009159544393144516,512,200,10,0.0006816366988585599,0.9,5,0,1.579819917678833,"[3.253305196762085, 3.1895291805267334, 3.134925603866577, 3.090576171875, 3.055227518081665, 3.0305848121643066, 3.0138025283813477, 3.0026097297668457, 2.9976420402526855, 2.998281717300415, 3.0031039714813232, 3.0111441612243652, 3.021512269973755, 3.032810688018799, 3.0452022552490234, 3.0573794841766357, 3.0704667568206787, 3.0842254161834717, 3.097844362258911]","[3.4180386066436768, 3.183279275894165, 3.013032913208008, 2.887155294418335, 2.713855028152466, 2.5793769359588623, 2.493637800216675, 2.416146755218506, 2.2512216567993164, 2.1906540393829346, 2.0902650356292725, 2.0557026863098145, 2.008237838745117, 1.990384817123413, 1.9173825979232788, 1.9483792781829834, 1.8286824226379395, 1.8264693021774292, 1.741612434387207]"
62,3.0,0.22058823529411764,2,0.009159544393144516,512,200,10,0.0006816366988585599,0.9,5,0,2.0098910331726074,"[3.253305196762085, 3.1895291805267334, 3.134925603866577, 3.090576171875, 3.055227518081665, 3.0305848121643066, 3.0138025283813477, 3.0026097297668457, 2.9976420402526855, 2.998281717300415, 3.0031039714813232, 3.0111441612243652, 3.021512269973755, 3.032810688018799, 3.0452022552490234, 3.0573794841766357, 3.0704667568206787, 3.0842254161834717, 3.097844362258911]","[3.4180386066436768, 3.183279275894165, 3.013032913208008, 2.887155294418335, 2.713855028152466, 2.5793769359588623, 2.493637800216675, 2.416146755218506, 2.2512216567993164, 2.1906540393829346, 2.0902650356292725, 2.0557026863098145, 2.008237838745117, 1.990384817123413, 1.9173825979232788, 1.9483792781829834, 1.8286824226379395, 1.8264693021774292, 1.741612434387207]"
61,3.0,0.22058823529411764,2,0.009159544393144516,512,200,10,0.0006816366988585599,0.9,5,0,2.0449938774108887,"[3.253305196762085, 3.1895291805267334, 3.134925603866577, 3.090576171875, 3.055227518081665, 3.0305848121643066, 3.0138025283813477, 3.0026097297668457, 2.9976420402526855, 2.998281717300415, 3.0031039714813232, 3.0111441612243652, 3.021512269973755, 3.032810688018799, 3.0452022552490234, 3.0573794841766357, 3.0704667568206787, 3.0842254161834717, 3.097844362258911]","[3.4180386066436768, 3.183279275894165, 3.013032913208008, 2.887155294418335, 2.713855028152466, 2.5793769359588623, 2.493637800216675, 2.416146755218506, 2.2512216567993164, 2.1906540393829346, 2.0902650356292725, 2.0557026863098145, 2.008237838745117, 1.990384817123413, 1.9173825979232788, 1.9483792781829834, 1.8286824226379395, 1.8264693021774292, 1.741612434387207]"
60,3.0,0.22058823529411764,2,0.009159544393144516,512,200,10,0.0006816366988585599,0.9,5,0,1.4667785167694092,"[3.253305196762085, 3.1895291805267334, 3.134925603866577, 3.090576171875, 3.055227518081665, 3.0305848121643066, 3.0138025283813477, 3.0026097297668457, 2.9976420402526855, 2.998281717300415, 3.0031039714813232, 3.0111441612243652, 3.021512269973755, 3.032810688018799, 3.0452022552490234, 3.0573794841766357, 3.0704667568206787, 3.0842254161834717, 3.097844362258911]","[3.4180386066436768, 3.183279275894165, 3.013032913208008, 2.887155294418335, 2.713855028152466, 2.5793769359588623, 2.493637800216675, 2.416146755218506, 2.2512216567993164, 2.1906540393829346, 2.0902650356292725, 2.0557026863098145, 2.008237838745117, 1.990384817123413, 1.9173825979232788, 1.9483792781829834, 1.8286824226379395, 1.8264693021774292, 1.741612434387207]"
59,3.0,0.22058823529411764,2,0.009159544393144516,512,200,10,0.0006816366988585599,0.9,5,0,1.4977807998657227,"[3.253305196762085, 3.1895291805267334, 3.134925603866577, 3.090576171875, 3.055227518081665, 3.0305848121643066, 3.0138025283813477, 3.0026097297668457, 2.9976420402526855, 2.998281717300415, 3.0031039714813232, 3.0111441612243652, 3.021512269973755, 3.032810688018799, 3.0452022552490234, 3.0573794841766357, 3.0704667568206787, 3.0842254161834717, 3.097844362258911]","[3.4180386066436768, 3.183279275894165, 3.013032913208008, 2.887155294418335, 2.713855028152466, 2.5793769359588623, 2.493637800216675, 2.416146755218506, 2.2512216567993164, 2.1906540393829346, 2.0902650356292725, 2.0557026863098145, 2.008237838745117, 1.990384817123413, 1.9173825979232788, 1.9483792781829834, 1.8286824226379395, 1.8264693021774292, 1.741612434387207]"
58,3.0,0.22058823529411764,2,0.009159544393144516,512,200,10,0.0006816366988585599,0.9,5,0,1.439213752746582,"[3.253305196762085, 3.1895291805267334, 3.134925603866577, 3.090576171875, 3.055227518081665, 3.0305848121643066, 3.0138025283813477, 3.0026097297668457, 2.9976420402526855, 2.998281717300415, 3.0031039714813232, 3.0111441612243652, 3.021512269973755, 3.032810688018799, 3.0452022552490234, 3.0573794841766357, 3.0704667568206787, 3.0842254161834717, 3.097844362258911]","[3.4180386066436768, 3.183279275894165, 3.013032913208008, 2.887155294418335, 2.713855028152466, 2.5793769359588623, 2.493637800216675, 2.416146755218506, 2.2512216567993164, 2.1906540393829346, 2.0902650356292725, 2.0557026863098145, 2.008237838745117, 1.990384817123413, 1.9173825979232788, 1.9483792781829834, 1.8286824226379395, 1.8264693021774292, 1.741612434387207]"
57,3.0,0.22058823529411764,2,0.009159544393144516,512,200,10,0.0006816366988585599,0.9,5,0,2.1252098083496094,"[3.253305196762085, 3.1895291805267334, 3.134925603866577, 3.090576171875, 3.055227518081665, 3.0305848121643066, 3.0138025283813477, 3.0026097297668457, 2.9976420402526855, 2.998281717300415, 3.0031039714813232, 3.0111441612243652, 3.021512269973755, 3.032810688018799, 3.0452022552490234, 3.0573794841766357, 3.0704667568206787, 3.0842254161834717, 3.097844362258911]","[3.4180386066436768, 3.183279275894165, 3.013032913208008, 2.887155294418335, 2.713855028152466, 2.5793769359588623, 2.493637800216675, 2.416146755218506, 2.2512216567993164, 2.1906540393829346, 2.0902650356292725, 2.0557026863098145, 2.008237838745117, 1.990384817123413, 1.9173825979232788, 1.9483792781829834, 1.8286824226379395, 1.8264693021774292, 1.741612434387207]"
56,3.0,0.22058823529411764,2,0.009159544393144516,512,200,10,0.0006816366988585599,0.9,5,0,1.5572497844696045,"[3.253305196762085, 3.1895291805267334, 3.134925603866577, 3.090576171875, 3.055227518081665, 3.0305848121643066, 3.0138025283813477, 3.0026097297668457, 2.9976420402526855, 2.998281717300415, 3.0031039714813232, 3.0111441612243652, 3.021512269973755, 3.032810688018799, 3.0452022552490234, 3.0573794841766357, 3.0704667568206787, 3.0842254161834717, 3.097844362258911]","[3.4180386066436768, 3.183279275894165, 3.013032913208008, 2.887155294418335, 2.713855028152466, 2.5793769359588623, 2.493637800216675, 2.416146755218506, 2.2512216567993164, 2.1906540393829346, 2.0902650356292725, 2.0557026863098145, 2.008237838745117, 1.990384817123413, 1.9173825979232788, 1.9483792781829834, 1.8286824226379395, 1.8264693021774292, 1.741612434387207]"
55,3.0,0.22058823529411764,2,0.009159544393144516,512,200,10,0.0006816366988585599,0.9,5,0,1.5703539848327637,"[3.253305196762085, 3.1895291805267334, 3.134925603866577, 3.090576171875, 3.055227518081665, 3.0305848121643066, 3.0138025283813477, 3.0026097297668457, 2.9976420402526855, 2.998281717300415, 3.0031039714813232, 3.0111441612243652, 3.021512269973755, 3.032810688018799, 3.0452022552490234, 3.0573794841766357, 3.0704667568206787, 3.0842254161834717, 3.097844362258911]","[3.4180386066436768, 3.183279275894165, 3.013032913208008, 2.887155294418335, 2.713855028152466, 2.5793769359588623, 2.493637800216675, 2.416146755218506, 2.2512216567993164, 2.1906540393829346, 2.0902650356292725, 2.0557026863098145, 2.008237838745117, 1.990384817123413, 1.9173825979232788, 1.9483792781829834, 1.8286824226379395, 1.8264693021774292, 1.741612434387207]"
54,3.0,0.22058823529411764,2,0.009159544393144516,512,200,10,0.0006816366988585599,0.9,5,0,1.5702877044677734,"[3.253305196762085, 3.1895291805267334, 3.134925603866577, 3.090576171875, 3.055227518081665, 3.0305848121643066, 3.0138025283813477, 3.0026097297668457, 2.9976420402526855, 2.998281717300415, 3.0031039714813232, 3.0111441612243652, 3.021512269973755, 3.032810688018799, 3.0452022552490234, 3.0573794841766357, 3.0704667568206787, 3.0842254161834717, 3.097844362258911]","[3.4180386066436768, 3.183279275894165, 3.013032913208008, 2.887155294418335, 2.713855028152466, 2.5793769359588623, 2.493637800216675, 2.416146755218506, 2.2512216567993164, 2.1906540393829346, 2.0902650356292725, 2.0557026863098145, 2.008237838745117, 1.990384817123413, 1.9173825979232788, 1.9483792781829834, 1.8286824226379395, 1.8264693021774292, 1.741612434387207]"
53,3.0,0.22058823529411764,2,0.009159544393144516,512,200,10,0.0006816366988585599,0.9,5,0,1.6930880546569824,"[3.253305196762085, 3.1895291805267334, 3.134925603866577, 3.090576171875, 3.055227518081665, 3.0305848121643066, 3.0138025283813477, 3.0026097297668457, 2.9976420402526855, 2.998281717300415, 3.0031039714813232, 3.0111441612243652, 3.021512269973755, 3.032810688018799, 3.0452022552490234, 3.0573794841766357, 3.0704667568206787, 3.0842254161834717, 3.097844362258911]","[3.4180386066436768, 3.183279275894165, 3.013032913208008, 2.887155294418335, 2.713855028152466, 2.5793769359588623, 2.493637800216675, 2.416146755218506, 2.2512216567993164, 2.1906540393829346, 2.0902650356292725, 2.0557026863098145, 2.008237838745117, 1.990384817123413, 1.9173825979232788, 1.9483792781829834, 1.8286824226379395, 1.8264693021774292, 1.741612434387207]"
52,3.0,0.22058823529411764,2,0.009159544393144516,512,200,10,0.0006816366988585599,0.9,5,0,1.571908950805664,"[3.253305196762085, 3.1895291805267334, 3.134925603866577, 3.090576171875, 3.055227518081665, 3.0305848121643066, 3.0138025283813477, 3.0026097297668457, 2.9976420402526855, 2.998281717300415, 3.0031039714813232, 3.0111441612243652, 3.021512269973755, 3.032810688018799, 3.0452022552490234, 3.0573794841766357, 3.0704667568206787, 3.0842254161834717, 3.097844362258911]","[3.4180386066436768, 3.183279275894165, 3.013032913208008, 2.887155294418335, 2.713855028152466, 2.5793769359588623, 2.493637800216675, 2.416146755218506, 2.2512216567993164, 2.1906540393829346, 2.0902650356292725, 2.0557026863098145, 2.008237838745117, 1.990384817123413, 1.9173825979232788, 1.9483792781829834, 1.8286824226379395, 1.8264693021774292, 1.741612434387207]"
73,3.0,0.22058823529411764,2,0.009159544393144516,512,200,10,0.0006816366988585599,0.9,5,0,1.3962326049804688,"[3.253305196762085, 3.1895291805267334, 3.134925603866577, 3.090576171875, 3.055227518081665, 3.0305848121643066, 3.0138025283813477, 3.0026097297668457, 2.9976420402526855, 2.998281717300415, 3.0031039714813232, 3.0111441612243652, 3.021512269973755, 3.032810688018799, 3.0452022552490234, 3.0573794841766357, 3.0704667568206787, 3.0842254161834717, 3.097844362258911]","[3.4180386066436768, 3.183279275894165, 3.013032913208008, 2.887155294418335, 2.713855028152466, 2.5793769359588623, 2.493637800216675, 2.416146755218506, 2.2512216567993164, 2.1906540393829346, 2.0902650356292725, 2.0557026863098145, 2.008237838745117, 1.990384817123413, 1.9173825979232788, 1.9483792781829834, 1.8286824226379395, 1.8264693021774292, 1.741612434387207]"
51,3.0,0.22058823529411764,2,0.009159544393144516,512,200,10,0.0006816366988585599,0.9,5,0,1.5083870887756348,"[3.253305196762085, 3.1895291805267334, 3.134925603866577, 3.090576171875, 3.055227518081665, 3.0305848121643066, 3.0138025283813477, 3.0026097297668457, 2.9976420402526855, 2.998281717300415, 3.0031039714813232, 3.0111441612243652, 3.021512269973755, 3.032810688018799, 3.0452022552490234, 3.0573794841766357, 3.0704667568206787, 3.0842254161834717, 3.097844362258911]","[3.4180386066436768, 3.183279275894165, 3.013032913208008, 2.887155294418335, 2.713855028152466, 2.5793769359588623, 2.493637800216675, 2.416146755218506, 2.2512216567993164, 2.1906540393829346, 2.0902650356292725, 2.0557026863098145, 2.008237838745117, 1.990384817123413, 1.9173825979232788, 1.9483792781829834, 1.8286824226379395, 1.8264693021774292, 1.741612434387207]"
74,3.0,0.22058823529411764,2,0.009159544393144516,512,200,10,0.0006816366988585599,0.9,5,0,1.758359432220459,"[3.253305196762085, 3.1895291805267334, 3.134925603866577, 3.090576171875, 3.055227518081665, 3.0305848121643066, 3.0138025283813477, 3.0026097297668457, 2.9976420402526855, 2.998281717300415, 3.0031039714813232, 3.0111441612243652, 3.021512269973755, 3.032810688018799, 3.0452022552490234, 3.0573794841766357, 3.0704667568206787, 3.0842254161834717, 3.097844362258911]","[3.4180386066436768, 3.183279275894165, 3.013032913208008, 2.887155294418335, 2.713855028152466, 2.5793769359588623, 2.493637800216675, 2.416146755218506, 2.2512216567993164, 2.1906540393829346, 2.0902650356292725, 2.0557026863098145, 2.008237838745117, 1.990384817123413, 1.9173825979232788, 1.9483792781829834, 1.8286824226379395, 1.8264693021774292, 1.741612434387207]"
76,3.0,0.22058823529411764,2,0.009159544393144516,512,200,10,0.0006816366988585599,0.9,5,0,1.634371280670166,"[3.253305196762085, 3.1895291805267334, 3.134925603866577, 3.090576171875, 3.055227518081665, 3.0305848121643066, 3.0138025283813477, 3.0026097297668457, 2.9976420402526855, 2.998281717300415, 3.0031039714813232, 3.0111441612243652, 3.021512269973755, 3.032810688018799, 3.0452022552490234, 3.0573794841766357, 3.0704667568206787, 3.0842254161834717, 3.097844362258911]","[3.4180386066436768, 3.183279275894165, 3.013032913208008, 2.887155294418335, 2.713855028152466, 2.5793769359588623, 2.493637800216675, 2.416146755218506, 2.2512216567993164, 2.1906540393829346, 2.0902650356292725, 2.0557026863098145, 2.008237838745117, 1.990384817123413, 1.9173825979232788, 1.9483792781829834, 1.8286824226379395, 1.8264693021774292, 1.741612434387207]"
97,3.0,0.22058823529411764,2,0.009159544393144516,512,200,10,0.0006816366988585599,0.9,5,0,1.1673808097839355,"[3.253305196762085, 3.1895291805267334, 3.134925603866577, 3.090576171875, 3.055227518081665, 3.0305848121643066, 3.0138025283813477, 3.0026097297668457, 2.9976420402526855, 2.998281717300415, 3.0031039714813232, 3.0111441612243652, 3.021512269973755, 3.032810688018799, 3.0452022552490234, 3.0573794841766357, 3.0704667568206787, 3.0842254161834717, 3.097844362258911]","[3.4180386066436768, 3.183279275894165, 3.013032913208008, 2.887155294418335, 2.713855028152466, 2.5793769359588623, 2.493637800216675, 2.416146755218506, 2.2512216567993164, 2.1906540393829346, 2.0902650356292725, 2.0557026863098145, 2.008237838745117, 1.990384817123413, 1.9173825979232788, 1.9483792781829834, 1.8286824226379395, 1.8264693021774292, 1.741612434387207]"
96,3.0,0.22058823529411764,2,0.009159544393144516,512,200,10,0.0006816366988585599,0.9,5,0,1.2246127128601074,"[3.253305196762085, 3.1895291805267334, 3.134925603866577, 3.090576171875, 3.055227518081665, 3.0305848121643066, 3.0138025283813477, 3.0026097297668457, 2.9976420402526855, 2.998281717300415, 3.0031039714813232, 3.0111441612243652, 3.021512269973755, 3.032810688018799, 3.0452022552490234, 3.0573794841766357, 3.0704667568206787, 3.0842254161834717, 3.097844362258911]","[3.4180386066436768, 3.183279275894165, 3.013032913208008, 2.887155294418335, 2.713855028152466, 2.5793769359588623, 2.493637800216675, 2.416146755218506, 2.2512216567993164, 2.1906540393829346, 2.0902650356292725, 2.0557026863098145, 2.008237838745117, 1.990384817123413, 1.9173825979232788, 1.9483792781829834, 1.8286824226379395, 1.8264693021774292, 1.741612434387207]"
95,3.0,0.22058823529411764,2,0.009159544393144516,512,200,10,0.0006816366988585599,0.9,5,0,1.262000322341919,"[3.253305196762085, 3.1895291805267334, 3.134925603866577, 3.090576171875, 3.055227518081665, 3.0305848121643066, 3.0138025283813477, 3.0026097297668457, 2.9976420402526855, 2.998281717300415, 3.0031039714813232, 3.0111441612243652, 3.021512269973755, 3.032810688018799, 3.0452022552490234, 3.0573794841766357, 3.0704667568206787, 3.0842254161834717, 3.097844362258911]","[3.4180386066436768, 3.183279275894165, 3.013032913208008, 2.887155294418335, 2.713855028152466, 2.5793769359588623, 2.493637800216675, 2.416146755218506, 2.2512216567993164, 2.1906540393829346, 2.0902650356292725, 2.0557026863098145, 2.008237838745117, 1.990384817123413, 1.9173825979232788, 1.9483792781829834, 1.8286824226379395, 1.8264693021774292, 1.741612434387207]"
94,3.0,0.22058823529411764,2,0.009159544393144516,512,200,10,0.0006816366988585599,0.9,5,0,1.323345422744751,"[3.253305196762085, 3.1895291805267334, 3.134925603866577, 3.090576171875, 3.055227518081665, 3.0305848121643066, 3.0138025283813477, 3.0026097297668457, 2.9976420402526855, 2.998281717300415, 3.0031039714813232, 3.0111441612243652, 3.021512269973755, 3.032810688018799, 3.0452022552490234, 3.0573794841766357, 3.0704667568206787, 3.0842254161834717, 3.097844362258911]","[3.4180386066436768, 3.183279275894165, 3.013032913208008, 2.887155294418335, 2.713855028152466, 2.5793769359588623, 2.493637800216675, 2.416146755218506, 2.2512216567993164, 2.1906540393829346, 2.0902650356292725, 2.0557026863098145, 2.008237838745117, 1.990384817123413, 1.9173825979232788, 1.9483792781829834, 1.8286824226379395, 1.8264693021774292, 1.741612434387207]"
93,3.0,0.22058823529411764,2,0.009159544393144516,512,200,10,0.0006816366988585599,0.9,5,0,1.3485908508300781,"[3.253305196762085, 3.1895291805267334, 3.134925603866577, 3.090576171875, 3.055227518081665, 3.0305848121643066, 3.0138025283813477, 3.0026097297668457, 2.9976420402526855, 2.998281717300415, 3.0031039714813232, 3.0111441612243652, 3.021512269973755, 3.032810688018799, 3.0452022552490234, 3.0573794841766357, 3.0704667568206787, 3.0842254161834717, 3.097844362258911]","[3.4180386066436768, 3.183279275894165, 3.013032913208008, 2.887155294418335, 2.713855028152466, 2.5793769359588623, 2.493637800216675, 2.416146755218506, 2.2512216567993164, 2.1906540393829346, 2.0902650356292725, 2.0557026863098145, 2.008237838745117, 1.990384817123413, 1.9173825979232788, 1.9483792781829834, 1.8286824226379395, 1.8264693021774292, 1.741612434387207]"
92,3.0,0.22058823529411764,2,0.009159544393144516,512,200,10,0.0006816366988585599,0.9,5,0,1.3059241771697998,"[3.253305196762085, 3.1895291805267334, 3.134925603866577, 3.090576171875, 3.055227518081665, 3.0305848121643066, 3.0138025283813477, 3.0026097297668457, 2.9976420402526855, 2.998281717300415, 3.0031039714813232, 3.0111441612243652, 3.021512269973755, 3.032810688018799, 3.0452022552490234, 3.0573794841766357, 3.0704667568206787, 3.0842254161834717, 3.097844362258911]","[3.4180386066436768, 3.183279275894165, 3.013032913208008, 2.887155294418335, 2.713855028152466, 2.5793769359588623, 2.493637800216675, 2.416146755218506, 2.2512216567993164, 2.1906540393829346, 2.0902650356292725, 2.0557026863098145, 2.008237838745117, 1.990384817123413, 1.9173825979232788, 1.9483792781829834, 1.8286824226379395, 1.8264693021774292, 1.741612434387207]"
91,3.0,0.22058823529411764,2,0.009159544393144516,512,200,10,0.0006816366988585599,0.9,5,0,1.327650785446167,"[3.253305196762085, 3.1895291805267334, 3.134925603866577, 3.090576171875, 3.055227518081665, 3.0305848121643066, 3.0138025283813477, 3.0026097297668457, 2.9976420402526855, 2.998281717300415, 3.0031039714813232, 3.0111441612243652, 3.021512269973755, 3.032810688018799, 3.0452022552490234, 3.0573794841766357, 3.0704667568206787, 3.0842254161834717, 3.097844362258911]","[3.4180386066436768, 3.183279275894165, 3.013032913208008, 2.887155294418335, 2.713855028152466, 2.5793769359588623, 2.493637800216675, 2.416146755218506, 2.2512216567993164, 2.1906540393829346, 2.0902650356292725, 2.0557026863098145, 2.008237838745117, 1.990384817123413, 1.9173825979232788, 1.9483792781829834, 1.8286824226379395, 1.8264693021774292, 1.741612434387207]"
90,3.0,0.22058823529411764,2,0.009159544393144516,512,200,10,0.0006816366988585599,0.9,5,0,1.2833857536315918,"[3.253305196762085, 3.1895291805267334, 3.134925603866577, 3.090576171875, 3.055227518081665, 3.0305848121643066, 3.0138025283813477, 3.0026097297668457, 2.9976420402526855, 2.998281717300415, 3.0031039714813232, 3.0111441612243652, 3.021512269973755, 3.032810688018799, 3.0452022552490234, 3.0573794841766357, 3.0704667568206787, 3.0842254161834717, 3.097844362258911]","[3.4180386066436768, 3.183279275894165, 3.013032913208008, 2.887155294418335, 2.713855028152466, 2.5793769359588623, 2.493637800216675, 2.416146755218506, 2.2512216567993164, 2.1906540393829346, 2.0902650356292725, 2.0557026863098145, 2.008237838745117, 1.990384817123413, 1.9173825979232788, 1.9483792781829834, 1.8286824226379395, 1.8264693021774292, 1.741612434387207]"
89,3.0,0.22058823529411764,2,0.009159544393144516,512,200,10,0.0006816366988585599,0.9,5,0,1.3035824298858643,"[3.253305196762085, 3.1895291805267334, 3.134925603866577, 3.090576171875, 3.055227518081665, 3.0305848121643066, 3.0138025283813477, 3.0026097297668457, 2.9976420402526855, 2.998281717300415, 3.0031039714813232, 3.0111441612243652, 3.021512269973755, 3.032810688018799, 3.0452022552490234, 3.0573794841766357, 3.0704667568206787, 3.0842254161834717, 3.097844362258911]","[3.4180386066436768, 3.183279275894165, 3.013032913208008, 2.887155294418335, 2.713855028152466, 2.5793769359588623, 2.493637800216675, 2.416146755218506, 2.2512216567993164, 2.1906540393829346, 2.0902650356292725, 2.0557026863098145, 2.008237838745117, 1.990384817123413, 1.9173825979232788, 1.9483792781829834, 1.8286824226379395, 1.8264693021774292, 1.741612434387207]"
88,3.0,0.22058823529411764,2,0.009159544393144516,512,200,10,0.0006816366988585599,0.9,5,0,1.3489055633544922,"[3.253305196762085, 3.1895291805267334, 3.134925603866577, 3.090576171875, 3.055227518081665, 3.0305848121643066, 3.0138025283813477, 3.0026097297668457, 2.9976420402526855, 2.998281717300415, 3.0031039714813232, 3.0111441612243652, 3.021512269973755, 3.032810688018799, 3.0452022552490234, 3.0573794841766357, 3.0704667568206787, 3.0842254161834717, 3.097844362258911]","[3.4180386066436768, 3.183279275894165, 3.013032913208008, 2.887155294418335, 2.713855028152466, 2.5793769359588623, 2.493637800216675, 2.416146755218506, 2.2512216567993164, 2.1906540393829346, 2.0902650356292725, 2.0557026863098145, 2.008237838745117, 1.990384817123413, 1.9173825979232788, 1.9483792781829834, 1.8286824226379395, 1.8264693021774292, 1.741612434387207]"
87,3.0,0.22058823529411764,2,0.009159544393144516,512,200,10,0.0006816366988585599,0.9,5,0,1.3100059032440186,"[3.253305196762085, 3.1895291805267334, 3.134925603866577, 3.090576171875, 3.055227518081665, 3.0305848121643066, 3.0138025283813477, 3.0026097297668457, 2.9976420402526855, 2.998281717300415, 3.0031039714813232, 3.0111441612243652, 3.021512269973755, 3.032810688018799, 3.0452022552490234, 3.0573794841766357, 3.0704667568206787, 3.0842254161834717, 3.097844362258911]","[3.4180386066436768, 3.183279275894165, 3.013032913208008, 2.887155294418335, 2.713855028152466, 2.5793769359588623, 2.493637800216675, 2.416146755218506, 2.2512216567993164, 2.1906540393829346, 2.0902650356292725, 2.0557026863098145, 2.008237838745117, 1.990384817123413, 1.9173825979232788, 1.9483792781829834, 1.8286824226379395, 1.8264693021774292, 1.741612434387207]"
86,3.0,0.22058823529411764,2,0.009159544393144516,512,200,10,0.0006816366988585599,0.9,5,0,1.268855333328247,"[3.253305196762085, 3.1895291805267334, 3.134925603866577, 3.090576171875, 3.055227518081665, 3.0305848121643066, 3.0138025283813477, 3.0026097297668457, 2.9976420402526855, 2.998281717300415, 3.0031039714813232, 3.0111441612243652, 3.021512269973755, 3.032810688018799, 3.0452022552490234, 3.0573794841766357, 3.0704667568206787, 3.0842254161834717, 3.097844362258911]","[3.4180386066436768, 3.183279275894165, 3.013032913208008, 2.887155294418335, 2.713855028152466, 2.5793769359588623, 2.493637800216675, 2.416146755218506, 2.2512216567993164, 2.1906540393829346, 2.0902650356292725, 2.0557026863098145, 2.008237838745117, 1.990384817123413, 1.9173825979232788, 1.9483792781829834, 1.8286824226379395, 1.8264693021774292, 1.741612434387207]"
85,3.0,0.22058823529411764,2,0.009159544393144516,512,200,10,0.0006816366988585599,0.9,5,0,1.377600908279419,"[3.253305196762085, 3.1895291805267334, 3.134925603866577, 3.090576171875, 3.055227518081665, 3.0305848121643066, 3.0138025283813477, 3.0026097297668457, 2.9976420402526855, 2.998281717300415, 3.0031039714813232, 3.0111441612243652, 3.021512269973755, 3.032810688018799, 3.0452022552490234, 3.0573794841766357, 3.0704667568206787, 3.0842254161834717, 3.097844362258911]","[3.4180386066436768, 3.183279275894165, 3.013032913208008, 2.887155294418335, 2.713855028152466, 2.5793769359588623, 2.493637800216675, 2.416146755218506, 2.2512216567993164, 2.1906540393829346, 2.0902650356292725, 2.0557026863098145, 2.008237838745117, 1.990384817123413, 1.9173825979232788, 1.9483792781829834, 1.8286824226379395, 1.8264693021774292, 1.741612434387207]"
84,3.0,0.22058823529411764,2,0.009159544393144516,512,200,10,0.0006816366988585599,0.9,5,0,1.4667105674743652,"[3.253305196762085, 3.1895291805267334, 3.134925603866577, 3.090576171875, 3.055227518081665, 3.0305848121643066, 3.0138025283813477, 3.0026097297668457, 2.9976420402526855, 2.998281717300415, 3.0031039714813232, 3.0111441612243652, 3.021512269973755, 3.032810688018799, 3.0452022552490234, 3.0573794841766357, 3.0704667568206787, 3.0842254161834717, 3.097844362258911]","[3.4180386066436768, 3.183279275894165, 3.013032913208008, 2.887155294418335, 2.713855028152466, 2.5793769359588623, 2.493637800216675, 2.416146755218506, 2.2512216567993164, 2.1906540393829346, 2.0902650356292725, 2.0557026863098145, 2.008237838745117, 1.990384817123413, 1.9173825979232788, 1.9483792781829834, 1.8286824226379395, 1.8264693021774292, 1.741612434387207]"
83,3.0,0.22058823529411764,2,0.009159544393144516,512,200,10,0.0006816366988585599,0.9,5,0,1.4612796306610107,"[3.253305196762085, 3.1895291805267334, 3.134925603866577, 3.090576171875, 3.055227518081665, 3.0305848121643066, 3.0138025283813477, 3.0026097297668457, 2.9976420402526855, 2.998281717300415, 3.0031039714813232, 3.0111441612243652, 3.021512269973755, 3.032810688018799, 3.0452022552490234, 3.0573794841766357, 3.0704667568206787, 3.0842254161834717, 3.097844362258911]","[3.4180386066436768, 3.183279275894165, 3.013032913208008, 2.887155294418335, 2.713855028152466, 2.5793769359588623, 2.493637800216675, 2.416146755218506, 2.2512216567993164, 2.1906540393829346, 2.0902650356292725, 2.0557026863098145, 2.008237838745117, 1.990384817123413, 1.9173825979232788, 1.9483792781829834, 1.8286824226379395, 1.8264693021774292, 1.741612434387207]"
82,3.0,0.22058823529411764,2,0.009159544393144516,512,200,10,0.0006816366988585599,0.9,5,0,1.50628662109375,"[3.253305196762085, 3.1895291805267334, 3.134925603866577, 3.090576171875, 3.055227518081665, 3.0305848121643066, 3.0138025283813477, 3.0026097297668457, 2.9976420402526855, 2.998281717300415, 3.0031039714813232, 3.0111441612243652, 3.021512269973755, 3.032810688018799, 3.0452022552490234, 3.0573794841766357, 3.0704667568206787, 3.0842254161834717, 3.097844362258911]","[3.4180386066436768, 3.183279275894165, 3.013032913208008, 2.887155294418335, 2.713855028152466, 2.5793769359588623, 2.493637800216675, 2.416146755218506, 2.2512216567993164, 2.1906540393829346, 2.0902650356292725, 2.0557026863098145, 2.008237838745117, 1.990384817123413, 1.9173825979232788, 1.9483792781829834, 1.8286824226379395, 1.8264693021774292, 1.741612434387207]"
81,3.0,0.22058823529411764,2,0.009159544393144516,512,200,10,0.0006816366988585599,0.9,5,0,1.5200815200805664,"[3.253305196762085, 3.1895291805267334, 3.134925603866577, 3.090576171875, 3.055227518081665, 3.0305848121643066, 3.0138025283813477, 3.0026097297668457, 2.9976420402526855, 2.998281717300415, 3.0031039714813232, 3.0111441612243652, 3.021512269973755, 3.032810688018799, 3.0452022552490234, 3.0573794841766357, 3.0704667568206787, 3.0842254161834717, 3.097844362258911]","[3.4180386066436768, 3.183279275894165, 3.013032913208008, 2.887155294418335, 2.713855028152466, 2.5793769359588623, 2.493637800216675, 2.416146755218506, 2.2512216567993164, 2.1906540393829346, 2.0902650356292725, 2.0557026863098145, 2.008237838745117, 1.990384817123413, 1.9173825979232788, 1.9483792781829834, 1.8286824226379395, 1.8264693021774292, 1.741612434387207]"
80,3.0,0.22058823529411764,2,0.009159544393144516,512,200,10,0.0006816366988585599,0.9,5,0,1.5440468788146973,"[3.253305196762085, 3.1895291805267334, 3.134925603866577, 3.090576171875, 3.055227518081665, 3.0305848121643066, 3.0138025283813477, 3.0026097297668457, 2.9976420402526855, 2.998281717300415, 3.0031039714813232, 3.0111441612243652, 3.021512269973755, 3.032810688018799, 3.0452022552490234, 3.0573794841766357, 3.0704667568206787, 3.0842254161834717, 3.097844362258911]","[3.4180386066436768, 3.183279275894165, 3.013032913208008, 2.887155294418335, 2.713855028152466, 2.5793769359588623, 2.493637800216675, 2.416146755218506, 2.2512216567993164, 2.1906540393829346, 2.0902650356292725, 2.0557026863098145, 2.008237838745117, 1.990384817123413, 1.9173825979232788, 1.9483792781829834, 1.8286824226379395, 1.8264693021774292, 1.741612434387207]"
79,3.0,0.22058823529411764,2,0.009159544393144516,512,200,10,0.0006816366988585599,0.9,5,0,1.4308199882507324,"[3.253305196762085, 3.1895291805267334, 3.134925603866577, 3.090576171875, 3.055227518081665, 3.0305848121643066, 3.0138025283813477, 3.0026097297668457, 2.9976420402526855, 2.998281717300415, 3.0031039714813232, 3.0111441612243652, 3.021512269973755, 3.032810688018799, 3.0452022552490234, 3.0573794841766357, 3.0704667568206787, 3.0842254161834717, 3.097844362258911]","[3.4180386066436768, 3.183279275894165, 3.013032913208008, 2.887155294418335, 2.713855028152466, 2.5793769359588623, 2.493637800216675, 2.416146755218506, 2.2512216567993164, 2.1906540393829346, 2.0902650356292725, 2.0557026863098145, 2.008237838745117, 1.990384817123413, 1.9173825979232788, 1.9483792781829834, 1.8286824226379395, 1.8264693021774292, 1.741612434387207]"
78,3.0,0.22058823529411764,2,0.009159544393144516,512,200,10,0.0006816366988585599,0.9,5,0,1.4263103008270264,"[3.253305196762085, 3.1895291805267334, 3.134925603866577, 3.090576171875, 3.055227518081665, 3.0305848121643066, 3.0138025283813477, 3.0026097297668457, 2.9976420402526855, 2.998281717300415, 3.0031039714813232, 3.0111441612243652, 3.021512269973755, 3.032810688018799, 3.0452022552490234, 3.0573794841766357, 3.0704667568206787, 3.0842254161834717, 3.097844362258911]","[3.4180386066436768, 3.183279275894165, 3.013032913208008, 2.887155294418335, 2.713855028152466, 2.5793769359588623, 2.493637800216675, 2.416146755218506, 2.2512216567993164, 2.1906540393829346, 2.0902650356292725, 2.0557026863098145, 2.008237838745117, 1.990384817123413, 1.9173825979232788, 1.9483792781829834, 1.8286824226379395, 1.8264693021774292, 1.741612434387207]"
77,3.0,0.22058823529411764,2,0.009159544393144516,512,200,10,0.0006816366988585599,0.9,5,0,1.5134601593017578,"[3.253305196762085, 3.1895291805267334, 3.134925603866577, 3.090576171875, 3.055227518081665, 3.0305848121643066, 3.0138025283813477, 3.0026097297668457, 2.9976420402526855, 2.998281717300415, 3.0031039714813232, 3.0111441612243652, 3.021512269973755, 3.032810688018799, 3.0452022552490234, 3.0573794841766357, 3.0704667568206787, 3.0842254161834717, 3.097844362258911]","[3.4180386066436768, 3.183279275894165, 3.013032913208008, 2.887155294418335, 2.713855028152466, 2.5793769359588623, 2.493637800216675, 2.416146755218506, 2.2512216567993164, 2.1906540393829346, 2.0902650356292725, 2.0557026863098145, 2.008237838745117, 1.990384817123413, 1.9173825979232788, 1.9483792781829834, 1.8286824226379395, 1.8264693021774292, 1.741612434387207]"
75,3.0,0.22058823529411764,2,0.009159544393144516,512,200,10,0.0006816366988585599,0.9,5,0,1.6097533702850342,"[3.253305196762085, 3.1895291805267334, 3.134925603866577, 3.090576171875, 3.055227518081665, 3.0305848121643066, 3.0138025283813477, 3.0026097297668457, 2.9976420402526855, 2.998281717300415, 3.0031039714813232, 3.0111441612243652, 3.021512269973755, 3.032810688018799, 3.0452022552490234, 3.0573794841766357, 3.0704667568206787, 3.0842254161834717, 3.097844362258911]","[3.4180386066436768, 3.183279275894165, 3.013032913208008, 2.887155294418335, 2.713855028152466, 2.5793769359588623, 2.493637800216675, 2.416146755218506, 2.2512216567993164, 2.1906540393829346, 2.0902650356292725, 2.0557026863098145, 2.008237838745117, 1.990384817123413, 1.9173825979232788, 1.9483792781829834, 1.8286824226379395, 1.8264693021774292, 1.741612434387207]"
50,3.0,0.22058823529411764,2,0.009159544393144516,512,200,10,0.0006816366988585599,0.9,5,0,1.611515760421753,"[3.253305196762085, 3.1895291805267334, 3.134925603866577, 3.090576171875, 3.055227518081665, 3.0305848121643066, 3.0138025283813477, 3.0026097297668457, 2.9976420402526855, 2.998281717300415, 3.0031039714813232, 3.0111441612243652, 3.021512269973755, 3.032810688018799, 3.0452022552490234, 3.0573794841766357, 3.0704667568206787, 3.0842254161834717, 3.097844362258911]","[3.4180386066436768, 3.183279275894165, 3.013032913208008, 2.887155294418335, 2.713855028152466, 2.5793769359588623, 2.493637800216675, 2.416146755218506, 2.2512216567993164, 2.1906540393829346, 2.0902650356292725, 2.0557026863098145, 2.008237838745117, 1.990384817123413, 1.9173825979232788, 1.9483792781829834, 1.8286824226379395, 1.8264693021774292, 1.741612434387207]"
49,3.0,0.22058823529411764,2,0.009159544393144516,512,200,10,0.0006816366988585599,0.9,5,0,1.5915424823760986,"[3.253305196762085, 3.1895291805267334, 3.134925603866577, 3.090576171875, 3.055227518081665, 3.0305848121643066, 3.0138025283813477, 3.0026097297668457, 2.9976420402526855, 2.998281717300415, 3.0031039714813232, 3.0111441612243652, 3.021512269973755, 3.032810688018799, 3.0452022552490234, 3.0573794841766357, 3.0704667568206787, 3.0842254161834717, 3.097844362258911]","[3.4180386066436768, 3.183279275894165, 3.013032913208008, 2.887155294418335, 2.713855028152466, 2.5793769359588623, 2.493637800216675, 2.416146755218506, 2.2512216567993164, 2.1906540393829346, 2.0902650356292725, 2.0557026863098145, 2.008237838745117, 1.990384817123413, 1.9173825979232788, 1.9483792781829834, 1.8286824226379395, 1.8264693021774292, 1.741612434387207]"
48,3.0,0.22058823529411764,2,0.009159544393144516,512,200,10,0.0006816366988585599,0.9,5,0,1.4171862602233887,"[3.253305196762085, 3.1895291805267334, 3.134925603866577, 3.090576171875, 3.055227518081665, 3.0305848121643066, 3.0138025283813477, 3.0026097297668457, 2.9976420402526855, 2.998281717300415, 3.0031039714813232, 3.0111441612243652, 3.021512269973755, 3.032810688018799, 3.0452022552490234, 3.0573794841766357, 3.0704667568206787, 3.0842254161834717, 3.097844362258911]","[3.4180386066436768, 3.183279275894165, 3.013032913208008, 2.887155294418335, 2.713855028152466, 2.5793769359588623, 2.493637800216675, 2.416146755218506, 2.2512216567993164, 2.1906540393829346, 2.0902650356292725, 2.0557026863098145, 2.008237838745117, 1.990384817123413, 1.9173825979232788, 1.9483792781829834, 1.8286824226379395, 1.8264693021774292, 1.741612434387207]"
21,3.0,0.22058823529411764,2,0.009159544393144516,512,200,10,0.0006816366988585599,0.9,5,0,1.565490961074829,"[3.253305196762085, 3.1895291805267334, 3.134925603866577, 3.090576171875, 3.055227518081665, 3.0305848121643066, 3.0138025283813477, 3.0026097297668457, 2.9976420402526855, 2.998281717300415, 3.0031039714813232, 3.0111441612243652, 3.021512269973755, 3.032810688018799, 3.0452022552490234, 3.0573794841766357, 3.0704667568206787, 3.0842254161834717, 3.097844362258911]","[3.4180386066436768, 3.183279275894165, 3.013032913208008, 2.887155294418335, 2.713855028152466, 2.5793769359588623, 2.493637800216675, 2.416146755218506, 2.2512216567993164, 2.1906540393829346, 2.0902650356292725, 2.0557026863098145, 2.008237838745117, 1.990384817123413, 1.9173825979232788, 1.9483792781829834, 1.8286824226379395, 1.8264693021774292, 1.741612434387207]"
20,3.0,0.22058823529411764,2,0.009159544393144516,512,200,10,0.0006816366988585599,0.9,5,0,1.6003952026367188,"[3.253305196762085, 3.1895291805267334, 3.134925603866577, 3.090576171875, 3.055227518081665, 3.0305848121643066, 3.0138025283813477, 3.0026097297668457, 2.9976420402526855, 2.998281717300415, 3.0031039714813232, 3.0111441612243652, 3.021512269973755, 3.032810688018799, 3.0452022552490234, 3.0573794841766357, 3.0704667568206787, 3.0842254161834717, 3.097844362258911]","[3.4180386066436768, 3.183279275894165, 3.013032913208008, 2.887155294418335, 2.713855028152466, 2.5793769359588623, 2.493637800216675, 2.416146755218506, 2.2512216567993164, 2.1906540393829346, 2.0902650356292725, 2.0557026863098145, 2.008237838745117, 1.990384817123413, 1.9173825979232788, 1.9483792781829834, 1.8286824226379395, 1.8264693021774292, 1.741612434387207]"
19,3.0,0.22058823529411764,2,0.009159544393144516,512,200,10,0.0006816366988585599,0.9,5,0,2.270970582962036,"[3.253305196762085, 3.1895291805267334, 3.134925603866577, 3.090576171875, 3.055227518081665, 3.0305848121643066, 3.0138025283813477, 3.0026097297668457, 2.9976420402526855, 2.998281717300415, 3.0031039714813232, 3.0111441612243652, 3.021512269973755, 3.032810688018799, 3.0452022552490234, 3.0573794841766357, 3.0704667568206787, 3.0842254161834717, 3.097844362258911]","[3.4180386066436768, 3.183279275894165, 3.013032913208008, 2.887155294418335, 2.713855028152466, 2.5793769359588623, 2.493637800216675, 2.416146755218506, 2.2512216567993164, 2.1906540393829346, 2.0902650356292725, 2.0557026863098145, 2.008237838745117, 1.990384817123413, 1.9173825979232788, 1.9483792781829834, 1.8286824226379395, 1.8264693021774292, 1.741612434387207]"
18,3.0,0.22058823529411764,2,0.009159544393144516,512,200,10,0.0006816366988585599,0.9,5,0,1.6667873859405518,"[3.253305196762085, 3.1895291805267334, 3.134925603866577, 3.090576171875, 3.055227518081665, 3.0305848121643066, 3.0138025283813477, 3.0026097297668457, 2.9976420402526855, 2.998281717300415, 3.0031039714813232, 3.0111441612243652, 3.021512269973755, 3.032810688018799, 3.0452022552490234, 3.0573794841766357, 3.0704667568206787, 3.0842254161834717, 3.097844362258911]","[3.4180386066436768, 3.183279275894165, 3.013032913208008, 2.887155294418335, 2.713855028152466, 2.5793769359588623, 2.493637800216675, 2.416146755218506, 2.2512216567993164, 2.1906540393829346, 2.0902650356292725, 2.0557026863098145, 2.008237838745117, 1.990384817123413, 1.9173825979232788, 1.9483792781829834, 1.8286824226379395, 1.8264693021774292, 1.741612434387207]"
17,3.0,0.22058823529411764,2,0.009159544393144516,512,200,10,0.0006816366988585599,0.9,5,0,2.3095853328704834,"[3.253305196762085, 3.1895291805267334, 3.134925603866577, 3.090576171875, 3.055227518081665, 3.0305848121643066, 3.0138025283813477, 3.0026097297668457, 2.9976420402526855, 2.998281717300415, 3.0031039714813232, 3.0111441612243652, 3.021512269973755, 3.032810688018799, 3.0452022552490234, 3.0573794841766357, 3.0704667568206787, 3.0842254161834717, 3.097844362258911]","[3.4180386066436768, 3.183279275894165, 3.013032913208008, 2.887155294418335, 2.713855028152466, 2.5793769359588623, 2.493637800216675, 2.416146755218506, 2.2512216567993164, 2.1906540393829346, 2.0902650356292725, 2.0557026863098145, 2.008237838745117, 1.990384817123413, 1.9173825979232788, 1.9483792781829834, 1.8286824226379395, 1.8264693021774292, 1.741612434387207]"
16,3.0,0.22058823529411764,2,0.009159544393144516,512,200,10,0.0006816366988585599,0.9,5,0,1.990370750427246,"[3.253305196762085, 3.1895291805267334, 3.134925603866577, 3.090576171875, 3.055227518081665, 3.0305848121643066, 3.0138025283813477, 3.0026097297668457, 2.9976420402526855, 2.998281717300415, 3.0031039714813232, 3.0111441612243652, 3.021512269973755, 3.032810688018799, 3.0452022552490234, 3.0573794841766357, 3.0704667568206787, 3.0842254161834717, 3.097844362258911]","[3.4180386066436768, 3.183279275894165, 3.013032913208008, 2.887155294418335, 2.713855028152466, 2.5793769359588623, 2.493637800216675, 2.416146755218506, 2.2512216567993164, 2.1906540393829346, 2.0902650356292725, 2.0557026863098145, 2.008237838745117, 1.990384817123413, 1.9173825979232788, 1.9483792781829834, 1.8286824226379395, 1.8264693021774292, 1.741612434387207]"
15,3.0,0.22058823529411764,2,0.009159544393144516,512,200,10,0.0006816366988585599,0.9,5,0,1.5836021900177002,"[3.253305196762085, 3.1895291805267334, 3.134925603866577, 3.090576171875, 3.055227518081665, 3.0305848121643066, 3.0138025283813477, 3.0026097297668457, 2.9976420402526855, 2.998281717300415, 3.0031039714813232, 3.0111441612243652, 3.021512269973755, 3.032810688018799, 3.0452022552490234, 3.0573794841766357, 3.0704667568206787, 3.0842254161834717, 3.097844362258911]","[3.4180386066436768, 3.183279275894165, 3.013032913208008, 2.887155294418335, 2.713855028152466, 2.5793769359588623, 2.493637800216675, 2.416146755218506, 2.2512216567993164, 2.1906540393829346, 2.0902650356292725, 2.0557026863098145, 2.008237838745117, 1.990384817123413, 1.9173825979232788, 1.9483792781829834, 1.8286824226379395, 1.8264693021774292, 1.741612434387207]"
14,3.0,0.22058823529411764,2,0.009159544393144516,512,200,10,0.0006816366988585599,0.9,5,0,2.0996930599212646,"[3.253305196762085, 3.1895291805267334, 3.134925603866577, 3.090576171875, 3.055227518081665, 3.0305848121643066, 3.0138025283813477, 3.0026097297668457, 2.9976420402526855, 2.998281717300415, 3.0031039714813232, 3.0111441612243652, 3.021512269973755, 3.032810688018799, 3.0452022552490234, 3.0573794841766357, 3.0704667568206787, 3.0842254161834717, 3.097844362258911]","[3.4180386066436768, 3.183279275894165, 3.013032913208008, 2.887155294418335, 2.713855028152466, 2.5793769359588623, 2.493637800216675, 2.416146755218506, 2.2512216567993164, 2.1906540393829346, 2.0902650356292725, 2.0557026863098145, 2.008237838745117, 1.990384817123413, 1.9173825979232788, 1.9483792781829834, 1.8286824226379395, 1.8264693021774292, 1.741612434387207]"
13,3.0,0.22058823529411764,2,0.009159544393144516,512,200,10,0.0006816366988585599,0.9,5,0,1.5651288032531738,"[3.253305196762085, 3.1895291805267334, 3.134925603866577, 3.090576171875, 3.055227518081665, 3.0305848121643066, 3.0138025283813477, 3.0026097297668457, 2.9976420402526855, 2.998281717300415, 3.0031039714813232, 3.0111441612243652, 3.021512269973755, 3.032810688018799, 3.0452022552490234, 3.0573794841766357, 3.0704667568206787, 3.0842254161834717, 3.097844362258911]","[3.4180386066436768, 3.183279275894165, 3.013032913208008, 2.887155294418335, 2.713855028152466, 2.5793769359588623, 2.493637800216675, 2.416146755218506, 2.2512216567993164, 2.1906540393829346, 2.0902650356292725, 2.0557026863098145, 2.008237838745117, 1.990384817123413, 1.9173825979232788, 1.9483792781829834, 1.8286824226379395, 1.8264693021774292, 1.741612434387207]"
12,3.0,0.22058823529411764,2,0.009159544393144516,512,200,10,0.0006816366988585599,0.9,5,0,2.0695345401763916,"[3.253305196762085, 3.1895291805267334, 3.134925603866577, 3.090576171875, 3.055227518081665, 3.0305848121643066, 3.0138025283813477, 3.0026097297668457, 2.9976420402526855, 2.998281717300415, 3.0031039714813232, 3.0111441612243652, 3.021512269973755, 3.032810688018799, 3.0452022552490234, 3.0573794841766357, 3.0704667568206787, 3.0842254161834717, 3.097844362258911]","[3.4180386066436768, 3.183279275894165, 3.013032913208008, 2.887155294418335, 2.713855028152466, 2.5793769359588623, 2.493637800216675, 2.416146755218506, 2.2512216567993164, 2.1906540393829346, 2.0902650356292725, 2.0557026863098145, 2.008237838745117, 1.990384817123413, 1.9173825979232788, 1.9483792781829834, 1.8286824226379395, 1.8264693021774292, 1.741612434387207]"
11,3.0,0.22058823529411764,2,0.009159544393144516,512,200,10,0.0006816366988585599,0.9,5,0,1.6016740798950195,"[3.253305196762085, 3.1895291805267334, 3.134925603866577, 3.090576171875, 3.055227518081665, 3.0305848121643066, 3.0138025283813477, 3.0026097297668457, 2.9976420402526855, 2.998281717300415, 3.0031039714813232, 3.0111441612243652, 3.021512269973755, 3.032810688018799, 3.0452022552490234, 3.0573794841766357, 3.0704667568206787, 3.0842254161834717, 3.097844362258911]","[3.4180386066436768, 3.183279275894165, 3.013032913208008, 2.887155294418335, 2.713855028152466, 2.5793769359588623, 2.493637800216675, 2.416146755218506, 2.2512216567993164, 2.1906540393829346, 2.0902650356292725, 2.0557026863098145, 2.008237838745117, 1.990384817123413, 1.9173825979232788, 1.9483792781829834, 1.8286824226379395, 1.8264693021774292, 1.741612434387207]"
10,3.0,0.22058823529411764,2,0.009159544393144516,512,200,10,0.0006816366988585599,0.9,5,0,1.8481571674346924,"[3.253305196762085, 3.1895291805267334, 3.134925603866577, 3.090576171875, 3.055227518081665, 3.0305848121643066, 3.0138025283813477, 3.0026097297668457, 2.9976420402526855, 2.998281717300415, 3.0031039714813232, 3.0111441612243652, 3.021512269973755, 3.032810688018799, 3.0452022552490234, 3.0573794841766357, 3.0704667568206787, 3.0842254161834717, 3.097844362258911]","[3.4180386066436768, 3.183279275894165, 3.013032913208008, 2.887155294418335, 2.713855028152466, 2.5793769359588623, 2.493637800216675, 2.416146755218506, 2.2512216567993164, 2.1906540393829346, 2.0902650356292725, 2.0557026863098145, 2.008237838745117, 1.990384817123413, 1.9173825979232788, 1.9483792781829834, 1.8286824226379395, 1.8264693021774292, 1.741612434387207]"
9,3.0,0.22058823529411764,2,0.009159544393144516,512,200,10,0.0006816366988585599,0.9,5,0,1.5459342002868652,"[3.253305196762085, 3.1895291805267334, 3.134925603866577, 3.090576171875, 3.055227518081665, 3.0305848121643066, 3.0138025283813477, 3.0026097297668457, 2.9976420402526855, 2.998281717300415, 3.0031039714813232, 3.0111441612243652, 3.021512269973755, 3.032810688018799, 3.0452022552490234, 3.0573794841766357, 3.0704667568206787, 3.0842254161834717, 3.097844362258911]","[3.4180386066436768, 3.183279275894165, 3.013032913208008, 2.887155294418335, 2.713855028152466, 2.5793769359588623, 2.493637800216675, 2.416146755218506, 2.2512216567993164, 2.1906540393829346, 2.0902650356292725, 2.0557026863098145, 2.008237838745117, 1.990384817123413, 1.9173825979232788, 1.9483792781829834, 1.8286824226379395, 1.8264693021774292, 1.741612434387207]"
8,3.0,0.22058823529411764,2,0.009159544393144516,512,200,10,0.0006816366988585599,0.9,5,0,2.0560667514801025,"[3.253305196762085, 3.1895291805267334, 3.134925603866577, 3.090576171875, 3.055227518081665, 3.0305848121643066, 3.0138025283813477, 3.0026097297668457, 2.9976420402526855, 2.998281717300415, 3.0031039714813232, 3.0111441612243652, 3.021512269973755, 3.032810688018799, 3.0452022552490234, 3.0573794841766357, 3.0704667568206787, 3.0842254161834717, 3.097844362258911]","[3.4180386066436768, 3.183279275894165, 3.013032913208008, 2.887155294418335, 2.713855028152466, 2.5793769359588623, 2.493637800216675, 2.416146755218506, 2.2512216567993164, 2.1906540393829346, 2.0902650356292725, 2.0557026863098145, 2.008237838745117, 1.990384817123413, 1.9173825979232788, 1.9483792781829834, 1.8286824226379395, 1.8264693021774292, 1.741612434387207]"
7,3.0,0.22058823529411764,2,0.009159544393144516,512,200,10,0.0006816366988585599,0.9,5,0,2.0391414165496826,"[3.253305196762085, 3.1895291805267334, 3.134925603866577, 3.090576171875, 3.055227518081665, 3.0305848121643066, 3.0138025283813477, 3.0026097297668457, 2.9976420402526855, 2.998281717300415, 3.0031039714813232, 3.0111441612243652, 3.021512269973755, 3.032810688018799, 3.0452022552490234, 3.0573794841766357, 3.0704667568206787, 3.0842254161834717, 3.097844362258911]","[3.4180386066436768, 3.183279275894165, 3.013032913208008, 2.887155294418335, 2.713855028152466, 2.5793769359588623, 2.493637800216675, 2.416146755218506, 2.2512216567993164, 2.1906540393829346, 2.0902650356292725, 2.0557026863098145, 2.008237838745117, 1.990384817123413, 1.9173825979232788, 1.9483792781829834, 1.8286824226379395, 1.8264693021774292, 1.741612434387207]"
6,3.0,0.22058823529411764,2,0.009159544393144516,512,200,10,0.0006816366988585599,0.9,5,0,1.5606434345245361,"[3.253305196762085, 3.1895291805267334, 3.134925603866577, 3.090576171875, 3.055227518081665, 3.0305848121643066, 3.0138025283813477, 3.0026097297668457, 2.9976420402526855, 2.998281717300415, 3.0031039714813232, 3.0111441612243652, 3.021512269973755, 3.032810688018799, 3.0452022552490234, 3.0573794841766357, 3.0704667568206787, 3.0842254161834717, 3.097844362258911]","[3.4180386066436768, 3.183279275894165, 3.013032913208008, 2.887155294418335, 2.713855028152466, 2.5793769359588623, 2.493637800216675, 2.416146755218506, 2.2512216567993164, 2.1906540393829346, 2.0902650356292725, 2.0557026863098145, 2.008237838745117, 1.990384817123413, 1.9173825979232788, 1.9483792781829834, 1.8286824226379395, 1.8264693021774292, 1.741612434387207]"
5,3.0,0.22058823529411764,2,0.009159544393144516,512,200,10,0.0006816366988585599,0.9,5,0,2.193474054336548,"[3.253305196762085, 3.1895291805267334, 3.134925603866577, 3.090576171875, 3.055227518081665, 3.0305848121643066, 3.0138025283813477, 3.0026097297668457, 2.9976420402526855, 2.998281717300415, 3.0031039714813232, 3.0111441612243652, 3.021512269973755, 3.032810688018799, 3.0452022552490234, 3.0573794841766357, 3.0704667568206787, 3.0842254161834717, 3.097844362258911]","[3.4180386066436768, 3.183279275894165, 3.013032913208008, 2.887155294418335, 2.713855028152466, 2.5793769359588623, 2.493637800216675, 2.416146755218506, 2.2512216567993164, 2.1906540393829346, 2.0902650356292725, 2.0557026863098145, 2.008237838745117, 1.990384817123413, 1.9173825979232788, 1.9483792781829834, 1.8286824226379395, 1.8264693021774292, 1.741612434387207]"
4,3.0,0.22058823529411764,2,0.009159544393144516,512,200,10,0.0006816366988585599,0.9,5,0,1.6552200317382812,"[3.253305196762085, 3.1895291805267334, 3.134925603866577, 3.090576171875, 3.055227518081665, 3.0305848121643066, 3.0138025283813477, 3.0026097297668457, 2.9976420402526855, 2.998281717300415, 3.0031039714813232, 3.0111441612243652, 3.021512269973755, 3.032810688018799, 3.0452022552490234, 3.0573794841766357, 3.0704667568206787, 3.0842254161834717, 3.097844362258911]","[3.4180386066436768, 3.183279275894165, 3.013032913208008, 2.887155294418335, 2.713855028152466, 2.5793769359588623, 2.493637800216675, 2.416146755218506, 2.2512216567993164, 2.1906540393829346, 2.0902650356292725, 2.0557026863098145, 2.008237838745117, 1.990384817123413, 1.9173825979232788, 1.9483792781829834, 1.8286824226379395, 1.8264693021774292, 1.741612434387207]"
3,3.0,0.22058823529411764,2,0.009159544393144516,512,200,10,0.0006816366988585599,0.9,5,0,1.1545906066894531,"[3.253305196762085, 3.1895291805267334, 3.134925603866577, 3.090576171875, 3.055227518081665, 3.0305848121643066, 3.0138025283813477, 3.0026097297668457, 2.9976420402526855, 2.998281717300415, 3.0031039714813232, 3.0111441612243652, 3.021512269973755, 3.032810688018799, 3.0452022552490234, 3.0573794841766357, 3.0704667568206787, 3.0842254161834717, 3.097844362258911]","[3.4180386066436768, 3.183279275894165, 3.013032913208008, 2.887155294418335, 2.713855028152466, 2.5793769359588623, 2.493637800216675, 2.416146755218506, 2.2512216567993164, 2.1906540393829346, 2.0902650356292725, 2.0557026863098145, 2.008237838745117, 1.990384817123413, 1.9173825979232788, 1.9483792781829834, 1.8286824226379395, 1.8264693021774292, 1.741612434387207]"
2,3.0,0.22058823529411764,2,0.009159544393144516,512,200,10,0.0006816366988585599,0.9,5,0,1.1708638668060303,"[3.253305196762085, 3.1895291805267334, 3.134925603866577, 3.090576171875, 3.055227518081665, 3.0305848121643066, 3.0138025283813477, 3.0026097297668457, 2.9976420402526855, 2.998281717300415, 3.0031039714813232, 3.0111441612243652, 3.021512269973755, 3.032810688018799, 3.0452022552490234, 3.0573794841766357, 3.0704667568206787, 3.0842254161834717, 3.097844362258911]","[3.4180386066436768, 3.183279275894165, 3.013032913208008, 2.887155294418335, 2.713855028152466, 2.5793769359588623, 2.493637800216675, 2.416146755218506, 2.2512216567993164, 2.1906540393829346, 2.0902650356292725, 2.0557026863098145, 2.008237838745117, 1.990384817123413, 1.9173825979232788, 1.9483792781829834, 1.8286824226379395, 1.8264693021774292, 1.741612434387207]"
1,3.0,0.22058823529411764,2,0.009159544393144516,512,200,10,0.0006816366988585599,0.9,5,0,1.6913902759552002,"[3.253305196762085, 3.1895291805267334, 3.134925603866577, 3.090576171875, 3.055227518081665, 3.0305848121643066, 3.0138025283813477, 3.0026097297668457, 2.9976420402526855, 2.998281717300415, 3.0031039714813232, 3.0111441612243652, 3.021512269973755, 3.032810688018799, 3.0452022552490234, 3.0573794841766357, 3.0704667568206787, 3.0842254161834717, 3.097844362258911]","[3.4180386066436768, 3.183279275894165, 3.013032913208008, 2.887155294418335, 2.713855028152466, 2.5793769359588623, 2.493637800216675, 2.416146755218506, 2.2512216567993164, 2.1906540393829346, 2.0902650356292725, 2.0557026863098145, 2.008237838745117, 1.990384817123413, 1.9173825979232788, 1.9483792781829834, 1.8286824226379395, 1.8264693021774292, 1.741612434387207]"
22,3.0,0.22058823529411764,2,0.009159544393144516,512,200,10,0.0006816366988585599,0.9,5,0,2.2721071243286133,"[3.253305196762085, 3.1895291805267334, 3.134925603866577, 3.090576171875, 3.055227518081665, 3.0305848121643066, 3.0138025283813477, 3.0026097297668457, 2.9976420402526855, 2.998281717300415, 3.0031039714813232, 3.0111441612243652, 3.021512269973755, 3.032810688018799, 3.0452022552490234, 3.0573794841766357, 3.0704667568206787, 3.0842254161834717, 3.097844362258911]","[3.4180386066436768, 3.183279275894165, 3.013032913208008, 2.887155294418335, 2.713855028152466, 2.5793769359588623, 2.493637800216675, 2.416146755218506, 2.2512216567993164, 2.1906540393829346, 2.0902650356292725, 2.0557026863098145, 2.008237838745117, 1.990384817123413, 1.9173825979232788, 1.9483792781829834, 1.8286824226379395, 1.8264693021774292, 1.741612434387207]"
23,3.0,0.22058823529411764,2,0.009159544393144516,512,200,10,0.0006816366988585599,0.9,5,0,2.1197338104248047,"[3.253305196762085, 3.1895291805267334, 3.134925603866577, 3.090576171875, 3.055227518081665, 3.0305848121643066, 3.0138025283813477, 3.0026097297668457, 2.9976420402526855, 2.998281717300415, 3.0031039714813232, 3.0111441612243652, 3.021512269973755, 3.032810688018799, 3.0452022552490234, 3.0573794841766357, 3.0704667568206787, 3.0842254161834717, 3.097844362258911]","[3.4180386066436768, 3.183279275894165, 3.013032913208008, 2.887155294418335, 2.713855028152466, 2.5793769359588623, 2.493637800216675, 2.416146755218506, 2.2512216567993164, 2.1906540393829346, 2.0902650356292725, 2.0557026863098145, 2.008237838745117, 1.990384817123413, 1.9173825979232788, 1.9483792781829834, 1.8286824226379395, 1.8264693021774292, 1.741612434387207]"
24,3.0,0.22058823529411764,2,0.009159544393144516,512,200,10,0.0006816366988585599,0.9,5,0,1.4253590106964111,"[3.253305196762085, 3.1895291805267334, 3.134925603866577, 3.090576171875, 3.055227518081665, 3.0305848121643066, 3.0138025283813477, 3.0026097297668457, 2.9976420402526855, 2.998281717300415, 3.0031039714813232, 3.0111441612243652, 3.021512269973755, 3.032810688018799, 3.0452022552490234, 3.0573794841766357, 3.0704667568206787, 3.0842254161834717, 3.097844362258911]","[3.4180386066436768, 3.183279275894165, 3.013032913208008, 2.887155294418335, 2.713855028152466, 2.5793769359588623, 2.493637800216675, 2.416146755218506, 2.2512216567993164, 2.1906540393829346, 2.0902650356292725, 2.0557026863098145, 2.008237838745117, 1.990384817123413, 1.9173825979232788, 1.9483792781829834, 1.8286824226379395, 1.8264693021774292, 1.741612434387207]"
25,3.0,0.22058823529411764,2,0.009159544393144516,512,200,10,0.0006816366988585599,0.9,5,0,1.430635690689087,"[3.253305196762085, 3.1895291805267334, 3.134925603866577, 3.090576171875, 3.055227518081665, 3.0305848121643066, 3.0138025283813477, 3.0026097297668457, 2.9976420402526855, 2.998281717300415, 3.0031039714813232, 3.0111441612243652, 3.021512269973755, 3.032810688018799, 3.0452022552490234, 3.0573794841766357, 3.0704667568206787, 3.0842254161834717, 3.097844362258911]","[3.4180386066436768, 3.183279275894165, 3.013032913208008, 2.887155294418335, 2.713855028152466, 2.5793769359588623, 2.493637800216675, 2.416146755218506, 2.2512216567993164, 2.1906540393829346, 2.0902650356292725, 2.0557026863098145, 2.008237838745117, 1.990384817123413, 1.9173825979232788, 1.9483792781829834, 1.8286824226379395, 1.8264693021774292, 1.741612434387207]"
47,3.0,0.22058823529411764,2,0.009159544393144516,512,200,10,0.0006816366988585599,0.9,5,0,1.6420855522155762,"[3.253305196762085, 3.1895291805267334, 3.134925603866577, 3.090576171875, 3.055227518081665, 3.0305848121643066, 3.0138025283813477, 3.0026097297668457, 2.9976420402526855, 2.998281717300415, 3.0031039714813232, 3.0111441612243652, 3.021512269973755, 3.032810688018799, 3.0452022552490234, 3.0573794841766357, 3.0704667568206787, 3.0842254161834717, 3.097844362258911]","[3.4180386066436768, 3.183279275894165, 3.013032913208008, 2.887155294418335, 2.713855028152466, 2.5793769359588623, 2.493637800216675, 2.416146755218506, 2.2512216567993164, 2.1906540393829346, 2.0902650356292725, 2.0557026863098145, 2.008237838745117, 1.990384817123413, 1.9173825979232788, 1.9483792781829834, 1.8286824226379395, 1.8264693021774292, 1.741612434387207]"
46,3.0,0.22058823529411764,2,0.009159544393144516,512,200,10,0.0006816366988585599,0.9,5,0,1.733889102935791,"[3.253305196762085, 3.1895291805267334, 3.134925603866577, 3.090576171875, 3.055227518081665, 3.0305848121643066, 3.0138025283813477, 3.0026097297668457, 2.9976420402526855, 2.998281717300415, 3.0031039714813232, 3.0111441612243652, 3.021512269973755, 3.032810688018799, 3.0452022552490234, 3.0573794841766357, 3.0704667568206787, 3.0842254161834717, 3.097844362258911]","[3.4180386066436768, 3.183279275894165, 3.013032913208008, 2.887155294418335, 2.713855028152466, 2.5793769359588623, 2.493637800216675, 2.416146755218506, 2.2512216567993164, 2.1906540393829346, 2.0902650356292725, 2.0557026863098145, 2.008237838745117, 1.990384817123413, 1.9173825979232788, 1.9483792781829834, 1.8286824226379395, 1.8264693021774292, 1.741612434387207]"
45,3.0,0.22058823529411764,2,0.009159544393144516,512,200,10,0.0006816366988585599,0.9,5,0,1.5183489322662354,"[3.253305196762085, 3.1895291805267334, 3.134925603866577, 3.090576171875, 3.055227518081665, 3.0305848121643066, 3.0138025283813477, 3.0026097297668457, 2.9976420402526855, 2.998281717300415, 3.0031039714813232, 3.0111441612243652, 3.021512269973755, 3.032810688018799, 3.0452022552490234, 3.0573794841766357, 3.0704667568206787, 3.0842254161834717, 3.097844362258911]","[3.4180386066436768, 3.183279275894165, 3.013032913208008, 2.887155294418335, 2.713855028152466, 2.5793769359588623, 2.493637800216675, 2.416146755218506, 2.2512216567993164, 2.1906540393829346, 2.0902650356292725, 2.0557026863098145, 2.008237838745117, 1.990384817123413, 1.9173825979232788, 1.9483792781829834, 1.8286824226379395, 1.8264693021774292, 1.741612434387207]"
44,3.0,0.22058823529411764,2,0.009159544393144516,512,200,10,0.0006816366988585599,0.9,5,0,1.6165201663970947,"[3.253305196762085, 3.1895291805267334, 3.134925603866577, 3.090576171875, 3.055227518081665, 3.0305848121643066, 3.0138025283813477, 3.0026097297668457, 2.9976420402526855, 2.998281717300415, 3.0031039714813232, 3.0111441612243652, 3.021512269973755, 3.032810688018799, 3.0452022552490234, 3.0573794841766357, 3.0704667568206787, 3.0842254161834717, 3.097844362258911]","[3.4180386066436768, 3.183279275894165, 3.013032913208008, 2.887155294418335, 2.713855028152466, 2.5793769359588623, 2.493637800216675, 2.416146755218506, 2.2512216567993164, 2.1906540393829346, 2.0902650356292725, 2.0557026863098145, 2.008237838745117, 1.990384817123413, 1.9173825979232788, 1.9483792781829834, 1.8286824226379395, 1.8264693021774292, 1.741612434387207]"
43,3.0,0.22058823529411764,2,0.009159544393144516,512,200,10,0.0006816366988585599,0.9,5,0,1.6066720485687256,"[3.253305196762085, 3.1895291805267334, 3.134925603866577, 3.090576171875, 3.055227518081665, 3.0305848121643066, 3.0138025283813477, 3.0026097297668457, 2.9976420402526855, 2.998281717300415, 3.0031039714813232, 3.0111441612243652, 3.021512269973755, 3.032810688018799, 3.0452022552490234, 3.0573794841766357, 3.0704667568206787, 3.0842254161834717, 3.097844362258911]","[3.4180386066436768, 3.183279275894165, 3.013032913208008, 2.887155294418335, 2.713855028152466, 2.5793769359588623, 2.493637800216675, 2.416146755218506, 2.2512216567993164, 2.1906540393829346, 2.0902650356292725, 2.0557026863098145, 2.008237838745117, 1.990384817123413, 1.9173825979232788, 1.9483792781829834, 1.8286824226379395, 1.8264693021774292, 1.741612434387207]"
42,3.0,0.22058823529411764,2,0.009159544393144516,512,200,10,0.0006816366988585599,0.9,5,0,1.5622150897979736,"[3.253305196762085, 3.1895291805267334, 3.134925603866577, 3.090576171875, 3.055227518081665, 3.0305848121643066, 3.0138025283813477, 3.0026097297668457, 2.9976420402526855, 2.998281717300415, 3.0031039714813232, 3.0111441612243652, 3.021512269973755, 3.032810688018799, 3.0452022552490234, 3.0573794841766357, 3.0704667568206787, 3.0842254161834717, 3.097844362258911]","[3.4180386066436768, 3.183279275894165, 3.013032913208008, 2.887155294418335, 2.713855028152466, 2.5793769359588623, 2.493637800216675, 2.416146755218506, 2.2512216567993164, 2.1906540393829346, 2.0902650356292725, 2.0557026863098145, 2.008237838745117, 1.990384817123413, 1.9173825979232788, 1.9483792781829834, 1.8286824226379395, 1.8264693021774292, 1.741612434387207]"
41,3.0,0.22058823529411764,2,0.009159544393144516,512,200,10,0.0006816366988585599,0.9,5,0,1.5802934169769287,"[3.253305196762085, 3.1895291805267334, 3.134925603866577, 3.090576171875, 3.055227518081665, 3.0305848121643066, 3.0138025283813477, 3.0026097297668457, 2.9976420402526855, 2.998281717300415, 3.0031039714813232, 3.0111441612243652, 3.021512269973755, 3.032810688018799, 3.0452022552490234, 3.0573794841766357, 3.0704667568206787, 3.0842254161834717, 3.097844362258911]","[3.4180386066436768, 3.183279275894165, 3.013032913208008, 2.887155294418335, 2.713855028152466, 2.5793769359588623, 2.493637800216675, 2.416146755218506, 2.2512216567993164, 2.1906540393829346, 2.0902650356292725, 2.0557026863098145, 2.008237838745117, 1.990384817123413, 1.9173825979232788, 1.9483792781829834, 1.8286824226379395, 1.8264693021774292, 1.741612434387207]"
40,3.0,0.22058823529411764,2,0.009159544393144516,512,200,10,0.0006816366988585599,0.9,5,0,1.7530877590179443,"[3.253305196762085, 3.1895291805267334, 3.134925603866577, 3.090576171875, 3.055227518081665, 3.0305848121643066, 3.0138025283813477, 3.0026097297668457, 2.9976420402526855, 2.998281717300415, 3.0031039714813232, 3.0111441612243652, 3.021512269973755, 3.032810688018799, 3.0452022552490234, 3.0573794841766357, 3.0704667568206787, 3.0842254161834717, 3.097844362258911]","[3.4180386066436768, 3.183279275894165, 3.013032913208008, 2.887155294418335, 2.713855028152466, 2.5793769359588623, 2.493637800216675, 2.416146755218506, 2.2512216567993164, 2.1906540393829346, 2.0902650356292725, 2.0557026863098145, 2.008237838745117, 1.990384817123413, 1.9173825979232788, 1.9483792781829834, 1.8286824226379395, 1.8264693021774292, 1.741612434387207]"
39,3.0,0.22058823529411764,2,0.009159544393144516,512,200,10,0.0006816366988585599,0.9,5,0,1.5812110900878906,"[3.253305196762085, 3.1895291805267334, 3.134925603866577, 3.090576171875, 3.055227518081665, 3.0305848121643066, 3.0138025283813477, 3.0026097297668457, 2.9976420402526855, 2.998281717300415, 3.0031039714813232, 3.0111441612243652, 3.021512269973755, 3.032810688018799, 3.0452022552490234, 3.0573794841766357, 3.0704667568206787, 3.0842254161834717, 3.097844362258911]","[3.4180386066436768, 3.183279275894165, 3.013032913208008, 2.887155294418335, 2.713855028152466, 2.5793769359588623, 2.493637800216675, 2.416146755218506, 2.2512216567993164, 2.1906540393829346, 2.0902650356292725, 2.0557026863098145, 2.008237838745117, 1.990384817123413, 1.9173825979232788, 1.9483792781829834, 1.8286824226379395, 1.8264693021774292, 1.741612434387207]"
38,3.0,0.22058823529411764,2,0.009159544393144516,512,200,10,0.0006816366988585599,0.9,5,0,1.474792242050171,"[3.253305196762085, 3.1895291805267334, 3.134925603866577, 3.090576171875, 3.055227518081665, 3.0305848121643066, 3.0138025283813477, 3.0026097297668457, 2.9976420402526855, 2.998281717300415, 3.0031039714813232, 3.0111441612243652, 3.021512269973755, 3.032810688018799, 3.0452022552490234, 3.0573794841766357, 3.0704667568206787, 3.0842254161834717, 3.097844362258911]","[3.4180386066436768, 3.183279275894165, 3.013032913208008, 2.887155294418335, 2.713855028152466, 2.5793769359588623, 2.493637800216675, 2.416146755218506, 2.2512216567993164, 2.1906540393829346, 2.0902650356292725, 2.0557026863098145, 2.008237838745117, 1.990384817123413, 1.9173825979232788, 1.9483792781829834, 1.8286824226379395, 1.8264693021774292, 1.741612434387207]"
98,3.0,0.22058823529411764,2,0.009159544393144516,512,200,10,0.0006816366988585599,0.9,5,0,0.9534990787506104,"[3.253305196762085, 3.1895291805267334, 3.134925603866577, 3.090576171875, 3.055227518081665, 3.0305848121643066, 3.0138025283813477, 3.0026097297668457, 2.9976420402526855, 2.998281717300415, 3.0031039714813232, 3.0111441612243652, 3.021512269973755, 3.032810688018799, 3.0452022552490234, 3.0573794841766357, 3.0704667568206787, 3.0842254161834717, 3.097844362258911]","[3.4180386066436768, 3.183279275894165, 3.013032913208008, 2.887155294418335, 2.713855028152466, 2.5793769359588623, 2.493637800216675, 2.416146755218506, 2.2512216567993164, 2.1906540393829346, 2.0902650356292725, 2.0557026863098145, 2.008237838745117, 1.990384817123413, 1.9173825979232788, 1.9483792781829834, 1.8286824226379395, 1.8264693021774292, 1.741612434387207]"
37,3.0,0.22058823529411764,2,0.009159544393144516,512,200,10,0.0006816366988585599,0.9,5,0,1.471191644668579,"[3.253305196762085, 3.1895291805267334, 3.134925603866577, 3.090576171875, 3.055227518081665, 3.0305848121643066, 3.0138025283813477, 3.0026097297668457, 2.9976420402526855, 2.998281717300415, 3.0031039714813232, 3.0111441612243652, 3.021512269973755, 3.032810688018799, 3.0452022552490234, 3.0573794841766357, 3.0704667568206787, 3.0842254161834717, 3.097844362258911]","[3.4180386066436768, 3.183279275894165, 3.013032913208008, 2.887155294418335, 2.713855028152466, 2.5793769359588623, 2.493637800216675, 2.416146755218506, 2.2512216567993164, 2.1906540393829346, 2.0902650356292725, 2.0557026863098145, 2.008237838745117, 1.990384817123413, 1.9173825979232788, 1.9483792781829834, 1.8286824226379395, 1.8264693021774292, 1.741612434387207]"
35,3.0,0.22058823529411764,2,0.009159544393144516,512,200,10,0.0006816366988585599,0.9,5,0,1.4382519721984863,"[3.253305196762085, 3.1895291805267334, 3.134925603866577, 3.090576171875, 3.055227518081665, 3.0305848121643066, 3.0138025283813477, 3.0026097297668457, 2.9976420402526855, 2.998281717300415, 3.0031039714813232, 3.0111441612243652, 3.021512269973755, 3.032810688018799, 3.0452022552490234, 3.0573794841766357, 3.0704667568206787, 3.0842254161834717, 3.097844362258911]","[3.4180386066436768, 3.183279275894165, 3.013032913208008, 2.887155294418335, 2.713855028152466, 2.5793769359588623, 2.493637800216675, 2.416146755218506, 2.2512216567993164, 2.1906540393829346, 2.0902650356292725, 2.0557026863098145, 2.008237838745117, 1.990384817123413, 1.9173825979232788, 1.9483792781829834, 1.8286824226379395, 1.8264693021774292, 1.741612434387207]"
34,3.0,0.22058823529411764,2,0.009159544393144516,512,200,10,0.0006816366988585599,0.9,5,0,1.7033071517944336,"[3.253305196762085, 3.1895291805267334, 3.134925603866577, 3.090576171875, 3.055227518081665, 3.0305848121643066, 3.0138025283813477, 3.0026097297668457, 2.9976420402526855, 2.998281717300415, 3.0031039714813232, 3.0111441612243652, 3.021512269973755, 3.032810688018799, 3.0452022552490234, 3.0573794841766357, 3.0704667568206787, 3.0842254161834717, 3.097844362258911]","[3.4180386066436768, 3.183279275894165, 3.013032913208008, 2.887155294418335, 2.713855028152466, 2.5793769359588623, 2.493637800216675, 2.416146755218506, 2.2512216567993164, 2.1906540393829346, 2.0902650356292725, 2.0557026863098145, 2.008237838745117, 1.990384817123413, 1.9173825979232788, 1.9483792781829834, 1.8286824226379395, 1.8264693021774292, 1.741612434387207]"
33,3.0,0.22058823529411764,2,0.009159544393144516,512,200,10,0.0006816366988585599,0.9,5,0,1.7990226745605469,"[3.253305196762085, 3.1895291805267334, 3.134925603866577, 3.090576171875, 3.055227518081665, 3.0305848121643066, 3.0138025283813477, 3.0026097297668457, 2.9976420402526855, 2.998281717300415, 3.0031039714813232, 3.0111441612243652, 3.021512269973755, 3.032810688018799, 3.0452022552490234, 3.0573794841766357, 3.0704667568206787, 3.0842254161834717, 3.097844362258911]","[3.4180386066436768, 3.183279275894165, 3.013032913208008, 2.887155294418335, 2.713855028152466, 2.5793769359588623, 2.493637800216675, 2.416146755218506, 2.2512216567993164, 2.1906540393829346, 2.0902650356292725, 2.0557026863098145, 2.008237838745117, 1.990384817123413, 1.9173825979232788, 1.9483792781829834, 1.8286824226379395, 1.8264693021774292, 1.741612434387207]"
32,3.0,0.22058823529411764,2,0.009159544393144516,512,200,10,0.0006816366988585599,0.9,5,0,1.8395938873291016,"[3.253305196762085, 3.1895291805267334, 3.134925603866577, 3.090576171875, 3.055227518081665, 3.0305848121643066, 3.0138025283813477, 3.0026097297668457, 2.9976420402526855, 2.998281717300415, 3.0031039714813232, 3.0111441612243652, 3.021512269973755, 3.032810688018799, 3.0452022552490234, 3.0573794841766357, 3.0704667568206787, 3.0842254161834717, 3.097844362258911]","[3.4180386066436768, 3.183279275894165, 3.013032913208008, 2.887155294418335, 2.713855028152466, 2.5793769359588623, 2.493637800216675, 2.416146755218506, 2.2512216567993164, 2.1906540393829346, 2.0902650356292725, 2.0557026863098145, 2.008237838745117, 1.990384817123413, 1.9173825979232788, 1.9483792781829834, 1.8286824226379395, 1.8264693021774292, 1.741612434387207]"
31,3.0,0.22058823529411764,2,0.009159544393144516,512,200,10,0.0006816366988585599,0.9,5,0,1.678762674331665,"[3.253305196762085, 3.1895291805267334, 3.134925603866577, 3.090576171875, 3.055227518081665, 3.0305848121643066, 3.0138025283813477, 3.0026097297668457, 2.9976420402526855, 2.998281717300415, 3.0031039714813232, 3.0111441612243652, 3.021512269973755, 3.032810688018799, 3.0452022552490234, 3.0573794841766357, 3.0704667568206787, 3.0842254161834717, 3.097844362258911]","[3.4180386066436768, 3.183279275894165, 3.013032913208008, 2.887155294418335, 2.713855028152466, 2.5793769359588623, 2.493637800216675, 2.416146755218506, 2.2512216567993164, 2.1906540393829346, 2.0902650356292725, 2.0557026863098145, 2.008237838745117, 1.990384817123413, 1.9173825979232788, 1.9483792781829834, 1.8286824226379395, 1.8264693021774292, 1.741612434387207]"
30,3.0,0.22058823529411764,2,0.009159544393144516,512,200,10,0.0006816366988585599,0.9,5,0,1.506678819656372,"[3.253305196762085, 3.1895291805267334, 3.134925603866577, 3.090576171875, 3.055227518081665, 3.0305848121643066, 3.0138025283813477, 3.0026097297668457, 2.9976420402526855, 2.998281717300415, 3.0031039714813232, 3.0111441612243652, 3.021512269973755, 3.032810688018799, 3.0452022552490234, 3.0573794841766357, 3.0704667568206787, 3.0842254161834717, 3.097844362258911]","[3.4180386066436768, 3.183279275894165, 3.013032913208008, 2.887155294418335, 2.713855028152466, 2.5793769359588623, 2.493637800216675, 2.416146755218506, 2.2512216567993164, 2.1906540393829346, 2.0902650356292725, 2.0557026863098145, 2.008237838745117, 1.990384817123413, 1.9173825979232788, 1.9483792781829834, 1.8286824226379395, 1.8264693021774292, 1.741612434387207]"
29,3.0,0.22058823529411764,2,0.009159544393144516,512,200,10,0.0006816366988585599,0.9,5,0,1.8044278621673584,"[3.253305196762085, 3.1895291805267334, 3.134925603866577, 3.090576171875, 3.055227518081665, 3.0305848121643066, 3.0138025283813477, 3.0026097297668457, 2.9976420402526855, 2.998281717300415, 3.0031039714813232, 3.0111441612243652, 3.021512269973755, 3.032810688018799, 3.0452022552490234, 3.0573794841766357, 3.0704667568206787, 3.0842254161834717, 3.097844362258911]","[3.4180386066436768, 3.183279275894165, 3.013032913208008, 2.887155294418335, 2.713855028152466, 2.5793769359588623, 2.493637800216675, 2.416146755218506, 2.2512216567993164, 2.1906540393829346, 2.0902650356292725, 2.0557026863098145, 2.008237838745117, 1.990384817123413, 1.9173825979232788, 1.9483792781829834, 1.8286824226379395, 1.8264693021774292, 1.741612434387207]"
28,3.0,0.22058823529411764,2,0.009159544393144516,512,200,10,0.0006816366988585599,0.9,5,0,1.6773574352264404,"[3.253305196762085, 3.1895291805267334, 3.134925603866577, 3.090576171875, 3.055227518081665, 3.0305848121643066, 3.0138025283813477, 3.0026097297668457, 2.9976420402526855, 2.998281717300415, 3.0031039714813232, 3.0111441612243652, 3.021512269973755, 3.032810688018799, 3.0452022552490234, 3.0573794841766357, 3.0704667568206787, 3.0842254161834717, 3.097844362258911]","[3.4180386066436768, 3.183279275894165, 3.013032913208008, 2.887155294418335, 2.713855028152466, 2.5793769359588623, 2.493637800216675, 2.416146755218506, 2.2512216567993164, 2.1906540393829346, 2.0902650356292725, 2.0557026863098145, 2.008237838745117, 1.990384817123413, 1.9173825979232788, 1.9483792781829834, 1.8286824226379395, 1.8264693021774292, 1.741612434387207]"
27,3.0,0.22058823529411764,2,0.009159544393144516,512,200,10,0.0006816366988585599,0.9,5,0,1.6054370403289795,"[3.253305196762085, 3.1895291805267334, 3.134925603866577, 3.090576171875, 3.055227518081665, 3.0305848121643066, 3.0138025283813477, 3.0026097297668457, 2.9976420402526855, 2.998281717300415, 3.0031039714813232, 3.0111441612243652, 3.021512269973755, 3.032810688018799, 3.0452022552490234, 3.0573794841766357, 3.0704667568206787, 3.0842254161834717, 3.097844362258911]","[3.4180386066436768, 3.183279275894165, 3.013032913208008, 2.887155294418335, 2.713855028152466, 2.5793769359588623, 2.493637800216675, 2.416146755218506, 2.2512216567993164, 2.1906540393829346, 2.0902650356292725, 2.0557026863098145, 2.008237838745117, 1.990384817123413, 1.9173825979232788, 1.9483792781829834, 1.8286824226379395, 1.8264693021774292, 1.741612434387207]"
26,3.0,0.22058823529411764,2,0.009159544393144516,512,200,10,0.0006816366988585599,0.9,5,0,1.5122590065002441,"[3.253305196762085, 3.1895291805267334, 3.134925603866577, 3.090576171875, 3.055227518081665, 3.0305848121643066, 3.0138025283813477, 3.0026097297668457, 2.9976420402526855, 2.998281717300415, 3.0031039714813232, 3.0111441612243652, 3.021512269973755, 3.032810688018799, 3.0452022552490234, 3.0573794841766357, 3.0704667568206787, 3.0842254161834717, 3.097844362258911]","[3.4180386066436768, 3.183279275894165, 3.013032913208008, 2.887155294418335, 2.713855028152466, 2.5793769359588623, 2.493637800216675, 2.416146755218506, 2.2512216567993164, 2.1906540393829346, 2.0902650356292725, 2.0557026863098145, 2.008237838745117, 1.990384817123413, 1.9173825979232788, 1.9483792781829834, 1.8286824226379395, 1.8264693021774292, 1.741612434387207]"
36,3.0,0.22058823529411764,2,0.009159544393144516,512,200,10,0.0006816366988585599,0.9,5,0,1.711289405822754,"[3.253305196762085, 3.1895291805267334, 3.134925603866577, 3.090576171875, 3.055227518081665, 3.0305848121643066, 3.0138025283813477, 3.0026097297668457, 2.9976420402526855, 2.998281717300415, 3.0031039714813232, 3.0111441612243652, 3.021512269973755, 3.032810688018799, 3.0452022552490234, 3.0573794841766357, 3.0704667568206787, 3.0842254161834717, 3.097844362258911]","[3.4180386066436768, 3.183279275894165, 3.013032913208008, 2.887155294418335, 2.713855028152466, 2.5793769359588623, 2.493637800216675, 2.416146755218506, 2.2512216567993164, 2.1906540393829346, 2.0902650356292725, 2.0557026863098145, 2.008237838745117, 1.990384817123413, 1.9173825979232788, 1.9483792781829834, 1.8286824226379395, 1.8264693021774292, 1.741612434387207]"
99,3.0,0.22058823529411764,2,0.009159544393144516,512,200,10,0.0006816366988585599,0.9,5,0,0.9399032592773438,"[3.253305196762085, 3.1895291805267334, 3.134925603866577, 3.090576171875, 3.055227518081665, 3.0305848121643066, 3.0138025283813477, 3.0026097297668457, 2.9976420402526855, 2.998281717300415, 3.0031039714813232, 3.0111441612243652, 3.021512269973755, 3.032810688018799, 3.0452022552490234, 3.0573794841766357, 3.0704667568206787, 3.0842254161834717, 3.097844362258911]","[3.4180386066436768, 3.183279275894165, 3.013032913208008, 2.887155294418335, 2.713855028152466, 2.5793769359588623, 2.493637800216675, 2.416146755218506, 2.2512216567993164, 2.1906540393829346, 2.0902650356292725, 2.0557026863098145, 2.008237838745117, 1.990384817123413, 1.9173825979232788, 1.9483792781829834, 1.8286824226379395, 1.8264693021774292, 1.741612434387207]"
